"Kod stacji","Nazwa stacji","Rok","Miesiąc","Dzień","Maksymalna temperatura dobowa","Status pomiaru TMAX","Minimalna temperatura dobowa","Status pomiaru TMIN","Średnia temperatura dobowa","Status pomiaru STD", "Temperatura minimalna przy gruncie","Status pomiaru TMNG","Suma dobowa opadu","Status pomiaru SMDB","Rodzaj opadu","Wysokość pokrywy śnieżnej","Status pomiaru PKSN","Równoważnik wodny śniegu","Status pomiaru RWSN","Usłonecznienie","Status pomiaru USL","Czas trwania opadu deszczu","Status pomiaru DESZ","Czas trwania opadu śniegu","Status pomiaru SNEG","Czas trwania opadu deszczu ze śniegiem","Status pomiaru DISN","Czas trwania gradu","Status pomiaru GRAD","Czas trwania mgły","Status pomiaru MGLA","Czas trwania zamglenia","Status pomiaru ZMGL","Czas trwania sadzi","Status pomiaru SADZ","Czas trwania gołoledzi","Status pomiaru GOLO","Czas trwania zamieci śnieżnej niskiej","Status pomiaru ZMNI","Czas trwania zamieci śnieżnej wysokiej","Status pomiaru ZMWS","Czas trwania zmętnienia","Status pomiaru ZMET","Czas trwania wiatru >=10m/s","Status pomiaru FF10","Czas trwania wiatru >15m/s","Status pomiaru FF15","Czas trwania burzy","Status pomiaru BRZA","Czas trwania rosy","Status pomiaru ROSA","Czas trwania szronu","Status pomiaru SZRO","Wystąpienie pokrywy śnieżnej","Status pomiaru DZPS","Wystąpienie błyskawicy","Status pomiaru DZBL","Stan gruntu","Izoterma dolna","Status pomiaru IZD","Izoterma górna","Status pomiaru IZG","Aktynometria","Status pomiaru AKTN"
"351220495","LUBLIN-RADAWIEC","2018","01","01",6.4,"",2.2,"",4.4,"",.1,"",1.3,"","W",0,"9",.0,"9",2.3,"",4.0,"",.0,"9",.0,"9",.0,"9",.7,"",5.5,"",.0,"9",.0,"9",.0,"9",.0,"9",.0,"9",.0,"9",.0,"9",.0,"9",.0,"9",.0,"9",0,"",0,"","R",0,"9",0,"9",0,"8"
"351220495","LUBLIN-RADAWIEC","2018","01","02",4.8,"",.2,"",1.7,"",.7,"",.0,"9","",0,"9",.0,"9",.0,"9",.0,"9",.0,"9",.0,"9",.0,"9",19.4,"",4.6,"",.0,"9",.0,"9",.0,"9",.0,"9",.0,"9",.0,"9",.0,"9",.0,"9",.0,"9",.0,"9",0,"",0,"","R",0,"9",0,"9",0,"8"
"351220495","LUBLIN-RADAWIEC","2018","01","03",4.0,"",.7,"",2.2,"",.9,"",4.6,"","S",0,"9",.0,"9",1.5,"",2.9,"",.6,"",2.4,"",.0,"9",.0,"9",10.2,"",.0,"9",.0,"9",.0,"9",.0,"9",.0,"9",.0,"9",.0,"9",.0,"9",.0,"9",.0,"9",0,"",0,"","R",0,"9",0,"9",0,"8"
"351220495","LUBLIN-RADAWIEC","2018","01","04",5.5,"",.5,"",3.4,"",.4,"",.1,"","W",0,"9",.0,"9",.0,"9",.8,"",.0,"9",.0,"9",.0,"9",.0,"9",.0,"9",.0,"9",.0,"9",.0,"9",.0,"9",.0,"9",.0,"9",.0,"9",.0,"9",.0,"9",.0,"9",0,"",0,"","R",0,"9",0,"9",0,"8"
"351220495","LUBLIN-RADAWIEC","2018","01","05",7.2,"",.7,"",3.3,"",-.4,"",1.2,"","W",0,"9",.0,"9",1.5,"",5.9,"",.0,"9",.0,"9",.0,"9",.0,"9",4.0,"",.0,"9",.0,"9",.0,"9",.0,"9",.0,"9",.0,"9",.0,"9",.0,"9",.0,"9",.0,"9",0,"",0,"","R",0,"9",0,"9",0,"8"
"351220495","LUBLIN-RADAWIEC","2018","01","06",8.6,"",3.2,"",5.7,"",.9,"",.2,"","W",0,"9",.0,"9",.9,"",1.9,"",.0,"9",.0,"9",.0,"9",.0,"9",13.8,"",.0,"9",.0,"9",.0,"9",.0,"9",.0,"9",.0,"9",.0,"9",.0,"9",.0,"9",.0,"9",0,"",0,"","R",0,"9",0,"9",0,"8"
"351220495","LUBLIN-RADAWIEC","2018","01","07",5.5,"",-.4,"",2.5,"",-.4,"",2.2,"","S",0,"9",.0,"9",.0,"9",7.1,"",2.0,"",.1,"",.0,"9",.0,"9",13.8,"",.0,"9",.0,"9",.0,"9",.0,"9",.0,"9",.0,"9",.0,"9",.0,"9",.0,"9",.0,"9",0,"",0,"","R",0,"9",0,"9",0,"8"
"351220495","LUBLIN-RADAWIEC","2018","01","08",-.3,"",-6.3,"",-4.0,"",-7.9,"",.0,"9","",0,"9",.0,"9",1.2,"",.0,"9",.0,"9",.0,"9",.0,"9",.0,"9",8.5,"",.0,"9",.0,"9",.0,"9",.0,"9",.0,"9",.0,"9",.0,"9",.0,"9",.0,"9",24.0,"",0,"",0,"","Z",1,"",0,"9",0,"8"
"351220495","LUBLIN-RADAWIEC","2018","01","09",1.1,"",-7.0,"",-2.4,"",-8.5,"",.0,"9","",0,"9",.0,"9",5.7,"",.0,"9",.0,"9",.0,"9",.0,"9",.0,"9",9.2,"",.0,"9",.0,"9",.0,"9",.0,"9",.0,"9",.0,"9",.0,"9",.0,"9",.0,"9",11.0,"",0,"",0,"","Z",10,"",0,"9",0,"8"
"351220495","LUBLIN-RADAWIEC","2018","01","10",.9,"",-1.5,"",-.6,"",-1.8,"",.0,"","W",0,"9",.0,"9",.7,"",.0,"9",.0,"9",.0,"9",.0,"9",.0,"9",2.8,"",.0,"9",.0,"9",.0,"9",.0,"9",.0,"9",.0,"9",.0,"9",.0,"9",.0,"9",.0,"9",0,"",0,"","Z",10,"",0,"9",0,"8"
"351220495","LUBLIN-RADAWIEC","2018","01","11",.5,"",-1.3,"",-.3,"",-1.6,"",.3,"","S",0,"9",.0,"9",.0,"9",10.7,"",3.7,"",.0,"9",.0,"9",.0,"9",22.7,"",.0,"9",6.8,"",.0,"9",.0,"9",.0,"9",.0,"9",.0,"9",.0,"9",.0,"9",.0,"9",0,"",0,"","Z",10,"",0,"9",0,"8"
"351220495","LUBLIN-RADAWIEC","2018","01","12",-.5,"",-3.0,"",-2.2,"",-2.8,"",.0,"9","",0,"",.0,"9",.0,"9",.0,"9",1.3,"",.0,"9",.0,"9",.0,"9",9.8,"",.0,"9",1.0,"",.0,"9",.0,"9",.0,"9",.0,"9",.0,"9",.0,"9",.0,"9",.0,"9",0,"",0,"","Z",10,"",0,"9",0,"8"
"351220495","LUBLIN-RADAWIEC","2018","01","13",-2.0,"",-4.8,"",-3.2,"",-5.0,"",.0,"","S",0,"",.0,"9",.3,"",.0,"9",3.0,"",.0,"9",.0,"9",.0,"9",.0,"9",.0,"9",.0,"9",.0,"9",.0,"9",.0,"9",.0,"9",.0,"9",.0,"9",.0,"9",.0,"9",0,"",0,"","",13,"",0,"9",0,"8"
"351220495","LUBLIN-RADAWIEC","2018","01","14",-4.6,"",-7.2,"",-6.4,"",-6.9,"",.0,"","S",0,"",.0,"9",.0,"9",.0,"9",15.4,"",.0,"9",.0,"9",.0,"9",.0,"9",.0,"9",.0,"9",.0,"9",.0,"9",.0,"9",.0,"9",.0,"9",.0,"9",.0,"9",.0,"9",0,"",0,"","",16,"",0,"9",0,"8"
"351220495","LUBLIN-RADAWIEC","2018","01","15",-5.6,"",-8.4,"",-7.5,"",-8.4,"",.0,"","S",0,"",.0,"9",3.5,"",.0,"9",6.4,"",.0,"9",.0,"9",.0,"9",.0,"9",.0,"9",.0,"9",.0,"9",.0,"9",.0,"9",.0,"9",.0,"9",.0,"9",.0,"9",.0,"9",0,"",0,"","",19,"",0,"9",0,"8"
"351220495","LUBLIN-RADAWIEC","2018","01","16",-2.6,"",-10.7,"",-7.1,"",-10.9,"",3.3,"","S",0,"9",.0,"9",2.9,"",.0,"9",5.2,"",.0,"9",.0,"9",.0,"9",4.8,"",.0,"9",.0,"9",.0,"9",.0,"9",.0,"9",.0,"9",.0,"9",.0,"9",.0,"9",.0,"9",0,"",0,"","Z",27,"",0,"9",0,"8"
"351220495","LUBLIN-RADAWIEC","2018","01","17",2.1,"",-6.0,"",-.4,"",-5.8,"",.0,"","S",4,"",.0,"9",2.9,"",.0,"9",5.1,"",.0,"9",.0,"9",.0,"9",5.0,"",.0,"9",.0,"9",.0,"9",.0,"9",.0,"9",.0,"9",.0,"9",.0,"9",.0,"9",2.3,"",1,"",0,"","",25,"",0,"9",0,"8"
"351220495","LUBLIN-RADAWIEC","2018","01","18",1.9,"",-2.6,"",-.2,"",-5.1,"",4.9,"","S",3,"",.0,"9",2.6,"",.0,"9",12.4,"",.0,"9",.0,"9",.0,"9",5.0,"",.0,"9",.0,"9",4.0,"",.0,"9",.0,"9",.0,"9",.0,"9",.0,"9",.0,"9",.0,"9",1,"",0,"","Z",22,"",0,"9",0,"8"
"351220495","LUBLIN-RADAWIEC","2018","01","19",1.3,"",-1.4,"",.3,"",-1.4,"",.7,"","S",10,"",1.4,"",.0,"9",.1,"",12.6,"",.0,"9",.0,"9",.0,"9",9.7,"",.0,"9",.0,"9",5.6,"",4.6,"",.0,"9",.6,"",.0,"9",.0,"9",.0,"9",.0,"9",1,"",0,"","Z",22,"",0,"9",0,"8"
"351220495","LUBLIN-RADAWIEC","2018","01","20",1.1,"",-3.7,"",-1.1,"",-6.7,"",.8,"","S",12,"",1.5,"",2.6,"",.0,"9",5.2,"",.0,"9",.0,"9",.2,"",18.3,"",.0,"9",.0,"9",.0,"9",.0,"9",.0,"9",.0,"9",.0,"9",.0,"9",.0,"9",.0,"9",1,"",0,"","Z",20,"",0,"9",0,"8"
"351220495","LUBLIN-RADAWIEC","2018","01","21",-.7,"",-3.4,"",-2.4,"",-4.7,"",.0,"9","",12,"",1.7,"",.0,"9",.0,"9",.0,"9",.0,"9",.0,"9",8.3,"",14.8,"",.0,"9",.0,"9",.0,"9",.0,"9",.0,"9",.0,"9",.0,"9",.0,"9",.0,"9",.0,"9",1,"",0,"","Z",20,"",0,"9",0,"8"
"351220495","LUBLIN-RADAWIEC","2018","01","22",-2.2,"",-6.4,"",-4.4,"",-10.4,"",.0,"","S",12,"",1.4,"",.0,"9",.0,"9",6.5,"",.0,"9",.0,"9",.0,"9",8.3,"",.0,"9",.0,"9",.0,"9",.0,"9",.0,"9",.0,"9",.0,"9",.0,"9",.0,"9",7.0,"",1,"",0,"","",20,"",0,"9",0,"8"
"351220495","LUBLIN-RADAWIEC","2018","01","23",-3.6,"",-7.6,"",-4.9,"",-9.1,"",.0,"","S",12,"",1.8,"",.0,"9",.0,"9",5.5,"",.0,"9",.0,"9",.0,"9",13.2,"",.0,"9",.0,"9",.0,"9",.0,"9",.0,"9",.0,"9",.0,"9",.0,"9",.0,"9",5.7,"",1,"",0,"","",20,"",0,"9",0,"8"
"351220495","LUBLIN-RADAWIEC","2018","01","24",1.1,"",-6.0,"",-1.7,"",-7.1,"",.0,"","S",11,"",1.9,"",.4,"",.3,"",.6,"",.0,"9",.0,"9",.0,"9",17.0,"",.0,"9",.0,"9",.0,"9",.0,"9",.0,"9",.0,"9",.0,"9",.0,"9",.0,"9",6.0,"",1,"",0,"","",20,"",0,"9",0,"8"
"351220495","LUBLIN-RADAWIEC","2018","01","25",4.5,"",.1,"",1.6,"",-1.6,"",.0,"9","",10,"",1.7,"",4.9,"",.0,"9",.0,"9",.0,"9",.0,"9",.0,"9",2.5,"",.0,"9",.0,"9",.0,"9",.0,"9",.0,"9",.0,"9",.0,"9",.0,"9",.0,"9",.0,"9",1,"",0,"","Z",20,"",0,"9",0,"8"
"351220495","LUBLIN-RADAWIEC","2018","01","26",1.6,"",-2.0,"",.1,"",-3.4,"",.0,"9","",9,"",1.6,"",1.0,"",.0,"9",.0,"9",.0,"9",.0,"9",.0,"9",8.9,"",.0,"9",.0,"9",.0,"9",.0,"9",.0,"9",.0,"9",.0,"9",.0,"9",.0,"9",.0,"9",1,"",0,"","Z",20,"",0,"9",0,"8"
"351220495","LUBLIN-RADAWIEC","2018","01","27",1.9,"",-3.3,"",-.1,"",-7.6,"",1.1,"","W",9,"",1.9,"",.0,"9",6.3,"",.0,"9",.0,"9",.0,"9",6.6,"",17.4,"",.0,"9",.0,"9",.0,"9",.0,"9",.0,"9",.0,"9",.0,"9",.0,"9",.0,"9",6.0,"",1,"",0,"","Z",20,"",0,"9",0,"8"
"351220495","LUBLIN-RADAWIEC","2018","01","28",3.5,"",-.6,"",1.8,"",-.4,"",1.4,"","W",6,"",3.0,"",.0,"9",4.1,"",.0,"9",.0,"9",.0,"9",8.4,"",10.3,"",.0,"9",.0,"9",.0,"9",.0,"9",.0,"9",.0,"9",.0,"9",.0,"9",.0,"9",.0,"9",1,"",0,"","Z",15,"",0,"9",0,"8"
"351220495","LUBLIN-RADAWIEC","2018","01","29",7.3,"",2.6,"",5.8,"",1.6,"",3.6,"","S",0,"9",.0,"9",.0,"9",12.7,"",.0,"9",.0,"9",.0,"9",.0,"9",10.3,"",.0,"9",.0,"9",.0,"9",.0,"9",.0,"9",.0,"9",.0,"9",.0,"9",.0,"9",.0,"9",0,"",0,"","R",20,"",5,"",0,"8"
"351220495","LUBLIN-RADAWIEC","2018","01","30",7.4,"",2.6,"",3.7,"",1.0,"",.0,"","W",0,"9",.0,"9",.5,"",5.6,"",.0,"9",.2,"",.0,"9",.0,"9",.0,"9",.0,"9",.0,"9",.0,"9",.0,"9",.0,"9",2.5,"",.0,"9",.0,"9",.0,"9",.0,"9",0,"",0,"","R",0,"9",0,"9",0,"8"
"351220495","LUBLIN-RADAWIEC","2018","01","31",4.9,"",.7,"",2.2,"",-.7,"",.0,"","W",0,"9",.0,"9",6.6,"",.0,"9",.0,"9",.0,"9",.0,"9",.0,"9",.0,"9",.0,"9",.0,"9",.0,"9",.0,"9",.0,"9",.0,"9",.0,"9",.0,"9",.0,"9",.0,"9",0,"",0,"","R",10,"",4,"",0,"8"
"351220495","LUBLIN-RADAWIEC","2018","02","01",5.4,"",.9,"",3.0,"",.0,"",2.9,"","W",0,"9",.0,"9",.0,"9",12.8,"",.0,"9",.0,"9",.0,"9",.0,"9",8.5,"",.0,"9",.0,"9",.0,"9",.0,"9",.0,"9",.0,"9",.0,"9",.0,"9",.0,"9",4.2,"",0,"",0,"","Z",10,"",0,"9",0,"8"
"351220495","LUBLIN-RADAWIEC","2018","02","02",3.6,"",.7,"",1.4,"",.3,"",.5,"","S",0,"9",.0,"9",.0,"9",7.8,"",.0,"9",.6,"",.0,"9",3.8,"",20.2,"",.0,"9",.0,"9",.0,"9",.0,"9",.0,"9",.0,"9",.0,"9",.0,"9",.0,"9",.0,"9",0,"",0,"","R",0,"9",0,"9",0,"8"
"351220495","LUBLIN-RADAWIEC","2018","02","03",.9,"",-.7,"",-.1,"",-.6,"",.0,"9","",0,"9",.0,"9",.0,"9",.0,"9",.0,"9",.0,"9",.0,"9",8.1,"",14.1,"",.0,"9",.0,"9",.0,"9",.0,"9",.0,"9",.0,"9",.0,"9",.0,"9",.0,"9",.0,"9",0,"",0,"","Z",10,"",0,"9",0,"8"
"351220495","LUBLIN-RADAWIEC","2018","02","04",-.1,"",-1.7,"",-1.2,"",-1.8,"",.0,"","S",0,"9",.0,"9",.0,"9",.0,"9",.0,"9",.0,"9",.0,"9",.0,"9",3.5,"",.0,"9",.0,"9",.0,"9",.0,"9",.0,"9",.0,"9",.0,"9",.0,"9",.0,"9",.0,"9",0,"",0,"","",10,"",0,"9",0,"8"
"351220495","LUBLIN-RADAWIEC","2018","02","05",-1.4,"",-5.9,"",-4.1,"",-5.7,"",.9,"","S",0,"9",.0,"9",2.3,"",.0,"9",9.2,"",.0,"9",.0,"9",.0,"9",.0,"9",.0,"9",.0,"9",.0,"9",.0,"9",.0,"9",.0,"9",.0,"9",.0,"9",.0,"9",.0,"9",0,"",0,"","Z",10,"",0,"9",0,"8"
"351220495","LUBLIN-RADAWIEC","2018","02","06",-1.8,"",-8.2,"",-5.8,"",-11.4,"",.0,"9","",2,"",.0,"9",7.8,"",.0,"9",2.4,"",.0,"9",.0,"9",.0,"9",.0,"9",.0,"9",.0,"9",.0,"9",.0,"9",.0,"9",.0,"9",.0,"9",.0,"9",.0,"9",.0,"9",1,"",0,"","Z",13,"",0,"9",0,"8"
"351220495","LUBLIN-RADAWIEC","2018","02","07",-1.1,"",-9.4,"",-5.0,"",-11.8,"",2.3,"","S",1,"",.0,"9",5.4,"",.0,"9",5.8,"",.0,"9",.0,"9",.0,"9",12.5,"",.0,"9",.0,"9",.0,"9",.0,"9",.0,"9",.0,"9",.0,"9",.0,"9",.0,"9",8.0,"",1,"",0,"","Z",18,"",0,"9",0,"8"
"351220495","LUBLIN-RADAWIEC","2018","02","08",-.4,"",-2.4,"",-1.2,"",-2.3,"",.0,"","S",4,"",.0,"9",.0,"9",2.1,"",9.1,"",.0,"9",.0,"9",12.4,"",11.6,"",.0,"9",4.6,"",.0,"9",.0,"9",.0,"9",.0,"9",.0,"9",.0,"9",.0,"9",.0,"9",1,"",0,"","",13,"",0,"9",0,"8"
"351220495","LUBLIN-RADAWIEC","2018","02","09",-1.3,"",-2.8,"",-2.4,"",-2.7,"",.0,"","S",4,"",.0,"9",.0,"9",.0,"9",3.4,"",.0,"9",.0,"9",.0,"9",24.0,"",.0,"9",.0,"9",.0,"9",.0,"9",.0,"9",.0,"9",.0,"9",.0,"9",.0,"9",.0,"9",1,"",0,"","",13,"",0,"9",0,"8"
"351220495","LUBLIN-RADAWIEC","2018","02","10",-2.3,"",-3.4,"",-3.1,"",-3.1,"",.0,"9","",4,"",.0,"9",.0,"9",.0,"9",.0,"9",.0,"9",.0,"9",.0,"9",24.0,"",.0,"9",.0,"9",.0,"9",.0,"9",.0,"9",.0,"9",.0,"9",.0,"9",.0,"9",3.0,"",1,"",0,"","Z",13,"",0,"9",0,"8"
"351220495","LUBLIN-RADAWIEC","2018","02","11",-1.8,"",-5.1,"",-3.4,"",-4.9,"",.0,"","S",3,"",.0,"9",.0,"9",.0,"9",3.4,"",.0,"9",.0,"9",.0,"9",24.0,"",.0,"9",.0,"9",.0,"9",.0,"9",.0,"9",.0,"9",.0,"9",.0,"9",.0,"9",6.2,"",1,"",0,"","",14,"",0,"9",0,"8"
"351220495","LUBLIN-RADAWIEC","2018","02","12",.2,"",-4.9,"",-1.3,"",-7.9,"",.0,"","S",3,"",.0,"9",.0,"9",2.3,"",1.3,"",.0,"9",.0,"9",.0,"9",24.0,"",.0,"9",.0,"9",.0,"9",.0,"9",.0,"9",.0,"9",.0,"9",.0,"9",.0,"9",.0,"9",1,"",0,"","",14,"",0,"9",0,"8"
"351220495","LUBLIN-RADAWIEC","2018","02","13",.3,"",-2.3,"",-1.0,"",-3.6,"",.1,"","S",3,"",.0,"9",.0,"9",.0,"9",3.4,"",.0,"9",.0,"9",10.8,"",13.2,"",.0,"9",.0,"9",.0,"9",.0,"9",.0,"9",.0,"9",.0,"9",.0,"9",.0,"9",.0,"9",1,"",0,"","Z",13,"",0,"9",0,"8"
"351220495","LUBLIN-RADAWIEC","2018","02","14",-.4,"",-1.9,"",-1.5,"",-1.8,"",2.3,"","S",2,"",.0,"9",.0,"9",.0,"9",22.4,"",.0,"9",.0,"9",.0,"9",24.0,"",.0,"9",.0,"9",.0,"9",.0,"9",.0,"9",.0,"9",.0,"9",.0,"9",.0,"9",.0,"9",1,"",0,"","Z",12,"",0,"9",0,"8"
"351220495","LUBLIN-RADAWIEC","2018","02","15",-1.6,"",-5.9,"",-4.4,"",-6.4,"",.3,"","S",5,"",1.0,"",.0,"9",.0,"9",15.9,"",.0,"9",.0,"9",.0,"9",24.0,"",.0,"9",.0,"9",.0,"9",.0,"9",.0,"9",.0,"9",.0,"9",.0,"9",.0,"9",.0,"9",1,"",0,"","Z",12,"",0,"9",0,"8"
"351220495","LUBLIN-RADAWIEC","2018","02","16",1.2,"",-5.4,"",-1.4,"",-7.9,"",.0,"9","",6,"",1.0,"",.0,"9",.0,"9",.0,"9",.0,"9",.0,"9",.0,"9",24.0,"",.0,"9",.0,"9",.0,"9",.0,"9",.0,"9",.0,"9",.0,"9",.0,"9",.0,"9",.0,"9",1,"",0,"","Z",12,"",0,"9",0,"8"
"351220495","LUBLIN-RADAWIEC","2018","02","17",3.4,"",-3.4,"",-.2,"",-7.6,"",.0,"","S",4,"",.0,"9",5.8,"",.0,"9",1.3,"",.0,"9",.0,"9",.0,"9",17.3,"",.0,"9",.0,"9",.0,"9",.0,"9",.0,"9",.0,"9",.0,"9",.0,"9",.0,"9",9.0,"",1,"",0,"","",12,"",0,"9",0,"8"
"351220495","LUBLIN-RADAWIEC","2018","02","18",1.2,"",-2.1,"",-1.2,"",-3.9,"",.7,"","S",3,"",.0,"9",1.5,"",.0,"9",3.4,"",.0,"9",.0,"9",.0,"9",8.3,"",.0,"9",.0,"9",.0,"9",.0,"9",.0,"9",.0,"9",.0,"9",.0,"9",.0,"9",3.0,"",1,"",0,"","Z",12,"",0,"9",0,"8"
"351220495","LUBLIN-RADAWIEC","2018","02","19",1.7,"",-8.3,"",-3.6,"",-11.9,"",.0,"9","",3,"",.0,"9",7.5,"",.0,"9",.0,"9",.0,"9",.0,"9",.0,"9",2.8,"",.0,"9",.0,"9",.0,"9",.0,"9",.0,"9",.0,"9",.0,"9",.0,"9",.0,"9",15.0,"",1,"",0,"","Z",16,"",0,"9",0,"8"
"351220495","LUBLIN-RADAWIEC","2018","02","20",.0,"",-7.9,"",-4.2,"",-9.2,"",.0,"9","",2,"",.0,"9",9.1,"",.0,"9",.0,"9",.0,"9",.0,"9",.0,"9",7.8,"",.0,"9",.0,"9",.0,"9",.0,"9",.0,"9",.0,"9",.0,"9",.0,"9",.0,"9",10.0,"",1,"",0,"","Z",18,"",0,"9",0,"8"
"351220495","LUBLIN-RADAWIEC","2018","02","21",1.1,"",-6.8,"",-2.8,"",-7.7,"",.0,"","S",2,"",.0,"9",3.9,"",.0,"9",5.6,"",.0,"9",.0,"9",.0,"9",.8,"",.0,"9",.0,"9",.0,"9",.0,"9",.0,"9",.0,"9",.0,"9",.0,"9",.0,"9",7.0,"",1,"",0,"","",19,"",0,"9",0,"8"
"351220495","LUBLIN-RADAWIEC","2018","02","22",-.9,"",-4.7,"",-4.2,"",-4.8,"",.0,"","S",1,"",.0,"9",1.4,"",.0,"9",11.9,"",.0,"9",.0,"9",.0,"9",13.3,"",.0,"9",.0,"9",.0,"9",.0,"9",.0,"9",.0,"9",.0,"9",.0,"9",.0,"9",.0,"9",1,"",0,"","",17,"",0,"9",0,"8"
"351220495","LUBLIN-RADAWIEC","2018","02","23",-2.9,"",-7.1,"",-5.6,"",-7.6,"",.2,"","S",1,"",.0,"9",.8,"",.0,"9",10.7,"",.0,"9",.0,"9",.0,"9",12.2,"",.0,"9",.0,"9",.0,"9",.0,"9",.0,"9",.0,"9",.0,"9",.0,"9",.0,"9",.0,"9",1,"",0,"","Z",18,"",0,"9",0,"8"
"351220495","LUBLIN-RADAWIEC","2018","02","24",-5.3,"",-14.3,"",-9.7,"",-17.7,"",.4,"","S",2,"",.0,"9",3.0,"",.0,"9",13.2,"",.0,"9",.0,"9",.0,"9",11.2,"",.0,"9",.0,"9",.0,"9",.0,"9",.0,"9",.0,"9",.0,"9",.0,"9",.0,"9",.0,"9",1,"",0,"","Z",18,"",0,"9",0,"8"
"351220495","LUBLIN-RADAWIEC","2018","02","25",-9.2,"",-15.9,"",-12.5,"",-17.8,"",.0,"","S",3,"",.0,"9",4.6,"",.0,"9",15.7,"",.0,"9",.0,"9",.0,"9",.0,"9",.0,"9",.0,"9",.0,"9",.0,"9",.0,"9",.0,"9",.0,"9",.0,"9",.0,"9",.0,"9",1,"",0,"","",19,"",0,"9",0,"8"
"351220495","LUBLIN-RADAWIEC","2018","02","26",-9.5,"",-17.1,"",-12.5,"",-22.4,"",.1,"","S",4,"",.0,"9",1.7,"",.0,"9",15.6,"",.0,"9",.0,"9",.0,"9",4.0,"",.0,"9",.0,"9",.0,"9",.0,"9",.0,"9",.0,"9",.0,"9",.0,"9",.0,"9",.0,"9",1,"",0,"","Z",19,"",0,"9",0,"8"
"351220495","LUBLIN-RADAWIEC","2018","02","27",-10.5,"",-17.0,"",-13.6,"",-19.5,"",.0,"","S",4,"",.0,"9",2.3,"",.0,"9",5.8,"",.0,"9",.0,"9",.0,"9",7.8,"",.0,"9",.0,"9",.0,"9",.0,"9",.0,"9",.0,"9",.0,"9",.0,"9",.0,"9",.0,"9",1,"",0,"","",20,"",0,"9",0,"8"
"351220495","LUBLIN-RADAWIEC","2018","02","28",-9.9,"",-14.7,"",-12.8,"",-15.4,"",.5,"","S",4,"",.0,"9",1.4,"",.0,"9",18.8,"",.0,"9",.0,"9",.0,"9",3.5,"",.0,"9",.0,"9",.0,"9",.0,"9",.0,"9",.0,"9",.0,"9",.0,"9",.0,"9",.0,"9",1,"",0,"","Z",22,"",0,"9",0,"8"
"351220495","LUBLIN-RADAWIEC","2018","03","01",-10.9,"",-19.8,"",-15.5,"",-26.6,"",.0,"9","",6,"",.8,"",8.7,"",.0,"9",2.8,"",.0,"9",.0,"9",.0,"9",13.8,"",.0,"9",.0,"9",.0,"9",.0,"9",.0,"9",.0,"9",.0,"9",.0,"9",.0,"9",2.0,"",1,"",0,"","Z",24,"",0,"9",0,"8"
"351220495","LUBLIN-RADAWIEC","2018","03","02",-8.4,"",-20.0,"",-13.7,"",-25.9,"",.0,"9","",6,"",.6,"",9.9,"",.0,"9",.0,"9",.0,"9",.0,"9",.0,"9",9.0,"",.0,"9",.0,"9",.0,"9",.0,"9",.0,"9",.0,"9",.0,"9",.0,"9",.0,"9",10.0,"",1,"",0,"","Z",26,"",0,"9",0,"8"
"351220495","LUBLIN-RADAWIEC","2018","03","03",-8.1,"",-18.9,"",-13.1,"",-24.0,"",.0,"","S",6,"",1.0,"",5.6,"",.0,"9",4.1,"",.0,"9",.0,"9",.0,"9",19.0,"",.0,"9",.0,"9",.0,"9",.0,"9",.0,"9",.0,"9",.0,"9",.0,"9",.0,"9",7.1,"",1,"",0,"","",28,"",0,"9",0,"8"
"351220495","LUBLIN-RADAWIEC","2018","03","04",-3.2,"",-14.9,"",-9.2,"",-18.5,"",.0,"9","",4,"",.0,"9",10.0,"",.0,"9",.0,"9",.0,"9",.0,"9",.0,"9",15.2,"",.0,"9",.0,"9",.0,"9",.0,"9",.0,"9",.0,"9",.0,"9",.0,"9",.0,"9",12.0,"",1,"",0,"","Z",29,"",0,"9",0,"8"
"351220495","LUBLIN-RADAWIEC","2018","03","05",2.6,"",-11.9,"",-4.2,"",-18.2,"",.0,"9","",4,"",.0,"9",8.6,"",.0,"9",.0,"9",.0,"9",.0,"9",.0,"9",7.0,"",.0,"9",.0,"9",.0,"9",.0,"9",2.5,"",.0,"9",.0,"9",.0,"9",.0,"9",7.0,"",1,"",0,"","Z",31,"",0,"9",0,"8"
"351220495","LUBLIN-RADAWIEC","2018","03","06",.3,"",-4.3,"",-1.7,"",-4.9,"",2.7,"","W",2,"",.0,"9",.0,"9",6.3,"",.0,"9",.0,"9",.0,"9",.0,"9",19.7,"",.0,"9",7.1,"",.0,"9",.0,"9",.0,"9",.0,"9",.0,"9",.0,"9",.0,"9",.0,"9",1,"",0,"","Z",25,"",0,"9",0,"8"
"351220495","LUBLIN-RADAWIEC","2018","03","07",5.2,"",-.2,"",2.1,"",.0,"",.0,"9","",2,"",.0,"9",1.2,"",.0,"9",.0,"9",.0,"9",.0,"9",.0,"9",24.0,"",.0,"9",9.0,"",.0,"9",.0,"9",.0,"9",.0,"9",.0,"9",.0,"9",.0,"9",.0,"9",1,"",0,"","Z",23,"",0,"9",0,"8"
"351220495","LUBLIN-RADAWIEC","2018","03","08",9.5,"",1.5,"",4.1,"",-1.1,"",.0,"","W",0,"9",.0,"9",4.0,"",.7,"",.0,"9",.0,"9",.0,"9",.0,"9",14.4,"",.0,"9",.0,"9",.0,"9",.0,"9",.0,"9",.0,"9",.0,"9",.0,"9",.0,"9",.0,"9",0,"",0,"","R",20,"",4,"",0,"8"
"351220495","LUBLIN-RADAWIEC","2018","03","09",6.7,"",-.1,"",3.0,"",-3.7,"",1.6,"","S",0,"9",.0,"9",3.4,"",1.7,"",1.2,"",.3,"",.0,"9",.0,"9",9.2,"",.0,"9",.0,"9",.0,"9",.0,"9",.0,"9",.0,"9",.0,"9",.0,"9",.0,"9",6.0,"",0,"",0,"","Z",20,"",0,"9",0,"8"
"351220495","LUBLIN-RADAWIEC","2018","03","10",9.9,"",-1.2,"",3.9,"",-4.5,"",.0,"","W",0,"9",.0,"9",9.0,"",.1,"",.0,"9",.0,"9",.0,"9",.0,"9",8.8,"",.0,"9",.0,"9",.0,"9",.0,"9",.0,"9",.0,"9",.0,"9",.0,"9",.0,"9",5.0,"",0,"",0,"","Z",20,"",0,"9",0,"8"
"351220495","LUBLIN-RADAWIEC","2018","03","11",13.9,"",3.3,"",7.4,"",2.5,"",.0,"","W",0,"9",.0,"9",4.5,"",.0,"9",.0,"9",.0,"9",.0,"9",.0,"9",.0,"9",.0,"9",.0,"9",.0,"9",.0,"9",.0,"9",.0,"9",.0,"9",.0,"9",.0,"9",.0,"9",0,"",0,"","R",0,"9",0,"9",0,"8"
"351220495","LUBLIN-RADAWIEC","2018","03","12",14.7,"",3.3,"",9.0,"",.2,"",.0,"","W",0,"9",.0,"9",3.5,"",.9,"",.0,"9",.0,"9",.0,"9",.0,"9",.0,"9",.0,"9",.0,"9",.0,"9",.0,"9",.0,"9",.0,"9",.0,"9",.0,"9",.0,"9",.0,"9",0,"",0,"","R",0,"9",0,"9",0,"8"
"351220495","LUBLIN-RADAWIEC","2018","03","13",13.4,"",4.7,"",9.1,"",.7,"",.0,"9","",0,"9",.0,"9",4.9,"",.0,"9",.0,"9",.0,"9",.0,"9",.0,"9",.0,"9",.0,"9",.0,"9",.0,"9",.0,"9",.0,"9",.0,"9",.0,"9",.0,"9",.0,"9",.0,"9",0,"",0,"","R",0,"9",0,"9",0,"8"
"351220495","LUBLIN-RADAWIEC","2018","03","14",10.5,"",5.3,"",6.4,"",4.1,"",1.2,"","W",0,"9",.0,"9",.9,"",4.5,"",.0,"9",.0,"9",.0,"9",2.7,"",2.0,"",.0,"9",.0,"9",.0,"9",.0,"9",.0,"9",.0,"9",.0,"9",.0,"9",.0,"9",.0,"9",0,"",0,"","R",0,"9",0,"9",0,"8"
"351220495","LUBLIN-RADAWIEC","2018","03","15",5.3,"",.7,"",1.7,"",1.0,"",.0,"","S",0,"9",.0,"9",.0,"9",2.9,"",2.3,"",.0,"9",.0,"9",1.5,"",17.9,"",.0,"9",.0,"9",.0,"9",.0,"9",.0,"9",.0,"9",.0,"9",.0,"9",.0,"9",.0,"9",0,"",0,"","",0,"9",0,"9",0,"8"
"351220495","LUBLIN-RADAWIEC","2018","03","16",.7,"",-3.8,"",-1.9,"",-3.8,"",10.7,"","S",0,"9",.0,"9",.0,"9",.0,"9",18.2,"",.0,"9",.0,"9",.0,"9",24.0,"",.0,"9",.0,"9",10.5,"",.0,"9",.0,"9",.0,"9",.0,"9",.0,"9",.0,"9",.0,"9",0,"",0,"","R",0,"9",0,"9",0,"8"
"351220495","LUBLIN-RADAWIEC","2018","03","17",-3.8,"",-7.7,"",-6.6,"",-8.6,"",.1,"","S",21,"",.9,"",1.7,"",.0,"9",14.3,"",.0,"9",.0,"9",.0,"9",5.8,"",.0,"9",.0,"9",10.8,"",.0,"9",.0,"9",.0,"9",.0,"9",.0,"9",.0,"9",.0,"9",1,"",0,"","Z",5,"",0,"9",0,"8"
"351220495","LUBLIN-RADAWIEC","2018","03","18",-4.0,"",-11.6,"",-7.5,"",-12.6,"",.0,"9","",20,"",1.4,"",9.9,"",.0,"9",.0,"9",.0,"9",.0,"9",.0,"9",.0,"9",.0,"9",.0,"9",10.6,"",.0,"9",.0,"9",.0,"9",.0,"9",.0,"9",.0,"9",.0,"9",1,"",0,"","Z",8,"",0,"9",0,"8"
"351220495","LUBLIN-RADAWIEC","2018","03","19",-3.1,"",-7.5,"",-5.4,"",-7.7,"",.0,"","S",16,"",1.5,"",3.4,"",.0,"9",.0,"9",.0,"9",.0,"9",.0,"9",.0,"9",.0,"9",.0,"9",.0,"9",.0,"9",.0,"9",.0,"9",.0,"9",.0,"9",.0,"9",.0,"9",1,"",0,"","",8,"",0,"9",0,"8"
"351220495","LUBLIN-RADAWIEC","2018","03","20",-3.7,"",-5.6,"",-4.7,"",-5.8,"",1.7,"","S",15,"",1.7,"",.0,"9",.0,"9",13.8,"",.0,"9",.0,"9",.0,"9",16.3,"",.0,"9",.0,"9",.0,"9",.0,"9",.0,"9",.0,"9",.0,"9",.0,"9",.0,"9",.0,"9",1,"",0,"","Z",8,"",0,"9",0,"8"
"351220495","LUBLIN-RADAWIEC","2018","03","21",-.9,"",-8.7,"",-3.9,"",-15.0,"",.0,"","S",16,"",1.3,"",7.8,"",.0,"9",5.3,"",.0,"9",.0,"9",.0,"9",.5,"",.0,"9",.0,"9",9.4,"",.0,"9",.0,"9",.0,"9",.0,"9",.0,"9",.0,"9",.0,"9",1,"",0,"","",8,"",0,"9",0,"8"
"351220495","LUBLIN-RADAWIEC","2018","03","22",3.6,"",-8.5,"",-2.2,"",-14.8,"",.0,"9","",16,"",1.8,"",10.8,"",.0,"9",.0,"9",.0,"9",.0,"9",.0,"9",.0,"9",.0,"9",.0,"9",.0,"9",.0,"9",.0,"9",.0,"9",.0,"9",.0,"9",.0,"9",5.0,"",1,"",0,"","Z",9,"",0,"9",0,"8"
"351220495","LUBLIN-RADAWIEC","2018","03","23",4.9,"",-6.3,"",.0,"",-11.7,"",.0,"9","",13,"",1.8,"",5.6,"",.0,"9",.0,"9",.0,"9",.0,"9",.0,"9",.0,"9",.0,"9",.0,"9",.0,"9",.0,"9",.0,"9",.0,"9",.0,"9",.0,"9",.0,"9",4.0,"",1,"",0,"","Z",9,"",0,"9",0,"8"
"351220495","LUBLIN-RADAWIEC","2018","03","24",5.8,"",-2.1,"",1.3,"",-3.5,"",.0,"9","",9,"",2.8,"",10.9,"",.0,"9",.0,"9",.0,"9",.0,"9",.0,"9",3.8,"",.0,"9",.0,"9",.0,"9",.0,"9",.0,"9",.0,"9",.0,"9",.0,"9",.0,"9",3.0,"",1,"",0,"","Z",5,"",0,"9",0,"8"
"351220495","LUBLIN-RADAWIEC","2018","03","25",8.8,"",-3.0,"",2.7,"",-6.6,"",.0,"9","",7,"",2.9,"",10.9,"",.0,"9",.0,"9",.0,"9",.0,"9",.0,"9",.0,"9",.0,"9",.0,"9",.0,"9",.0,"9",2.0,"",.0,"9",.0,"9",.0,"9",.0,"9",8.0,"",1,"",0,"","Z",8,"",0,"9",0,"8"
"351220495","LUBLIN-RADAWIEC","2018","03","26",7.7,"",-2.3,"",2.8,"",-4.8,"",.1,"","W",0,"9",.0,"9",4.9,"",1.0,"",.0,"9",.0,"9",.0,"9",.0,"9",9.5,"",.0,"9",.0,"9",.0,"9",.0,"9",.0,"9",.0,"9",.0,"9",.0,"9",.0,"9",6.0,"",0,"",0,"","Z",1,"",0,"9",0,"8"
"351220495","LUBLIN-RADAWIEC","2018","03","27",4.2,"",.5,"",1.6,"",.9,"",.2,"","S",0,"9",.0,"9",.0,"9",3.5,"",3.1,"",.0,"9",.0,"9",.0,"9",11.8,"",.0,"9",.0,"9",.0,"9",.0,"9",.0,"9",.0,"9",.0,"9",.0,"9",.0,"9",.0,"9",0,"",0,"","R",0,"9",0,"9",0,"8"
"351220495","LUBLIN-RADAWIEC","2018","03","28",2.0,"",-1.7,"",.1,"",-2.0,"",1.9,"","S",1,"",.0,"9",.1,"",.0,"9",13.2,"",.0,"9",.0,"9",.0,"9",11.2,"",.0,"9",.0,"9",.0,"9",.0,"9",.0,"9",.0,"9",.0,"9",.0,"9",.0,"9",.0,"9",1,"",0,"","Z",1,"",0,"9",0,"8"
"351220495","LUBLIN-RADAWIEC","2018","03","29",6.0,"",-.1,"",2.6,"",-.2,"",2.9,"","S",1,"",.0,"9",.0,"9",7.2,"",1.3,"",1.0,"",.0,"9",.0,"9",24.0,"",.0,"9",.0,"9",.0,"9",.0,"9",.0,"9",.0,"9",.0,"9",.0,"9",.0,"9",.0,"9",1,"",0,"","R",0,"9",0,"9",0,"8"
"351220495","LUBLIN-RADAWIEC","2018","03","30",12.0,"",2.1,"",6.6,"",.9,"",.0,"9","",0,"9",.0,"9",8.8,"",2.1,"",.4,"",.0,"9",.0,"9",.0,"9",4.3,"",.0,"9",.0,"9",.0,"9",.0,"9",.0,"9",.0,"9",.0,"9",.0,"9",.0,"9",.0,"9",0,"",0,"","R",0,"9",0,"9",0,"8"
"351220495","LUBLIN-RADAWIEC","2018","03","31",11.3,"",4.9,"",8.1,"",3.5,"",9.4,"","W",0,"9",.0,"9",.1,"",6.6,"",.0,"9",.0,"9",.0,"9",.0,"9",10.0,"",.0,"9",.0,"9",.0,"9",.0,"9",.0,"9",.0,"9",.0,"9",.0,"9",.0,"9",.0,"9",0,"",0,"","R",0,"9",0,"9",0,"8"
"351220495","LUBLIN-RADAWIEC","2018","04","01",9.9,"",1.1,"",5.6,"",.9,"",15.4,"","S",0,"9",.0,"9",.0,"9",17.1,"",.7,"",2.5,"",.0,"9",.0,"9",13.2,"",.0,"9",.0,"9",.0,"9",.0,"9",.0,"9",3.3,"",.0,"9",.0,"9",.0,"9",.0,"9",0,"",0,"","R",0,"9",0,"9",0,"8"
"351220495","LUBLIN-RADAWIEC","2018","04","02",5.2,"",.3,"",1.8,"",.4,"",.1,"","S",0,"9",.0,"9",2.4,"",.0,"9",5.9,"",.0,"9",.0,"9",.0,"9",.0,"9",.0,"9",.0,"9",.0,"9",.0,"9",.0,"9",1.7,"",.0,"9",.0,"9",.0,"9",.0,"9",0,"",0,"","R",0,"9",0,"9",0,"8"
"351220495","LUBLIN-RADAWIEC","2018","04","03",16.1,"",-.5,"",7.5,"",-3.9,"",.0,"9","",0,"9",.0,"9",7.3,"",.0,"9",.0,"9",.0,"9",.0,"9",.0,"9",.0,"9",.0,"9",.0,"9",.0,"9",.0,"9",.0,"9",.0,"9",.0,"9",.0,"9",.0,"9",5.0,"",0,"",0,"","Z",1,"",0,"9",0,"8"
"351220495","LUBLIN-RADAWIEC","2018","04","04",19.7,"",5.8,"",12.9,"",1.6,"",.0,"","W",0,"9",.0,"9",8.8,"",.8,"",.0,"9",.0,"9",.0,"9",.0,"9",.0,"9",.0,"9",.0,"9",.0,"9",.0,"9",.0,"9",.0,"9",.0,"9",.0,"9",.0,"9",.0,"9",0,"",0,"","R",0,"9",0,"9",0,"8"
"351220495","LUBLIN-RADAWIEC","2018","04","05",19.5,"",7.3,"",13.7,"",3.0,"",7.1,"","W",0,"9",.0,"9",8.3,"",5.5,"",.0,"9",.0,"9",.0,"9",.0,"9",.0,"9",.0,"9",.0,"9",.0,"9",.0,"9",.0,"9",.0,"9",.0,"9",.0,"9",.0,"9",.0,"9",0,"",0,"","R",0,"9",0,"9",0,"8"
"351220495","LUBLIN-RADAWIEC","2018","04","06",15.2,"",6.3,"",8.4,"",2.0,"",.0,"9","",0,"9",.0,"9",6.6,"",2.2,"",.0,"9",.0,"9",.0,"9",.0,"9",.0,"9",.0,"9",.0,"9",.0,"9",.0,"9",.0,"9",.0,"9",.0,"9",.0,"9",.0,"9",.0,"9",0,"",0,"","R",0,"9",0,"9",0,"8"
"351220495","LUBLIN-RADAWIEC","2018","04","07",14.2,"",-1.1,"",7.5,"",-4.4,"",.0,"9","",0,"9",.0,"9",12.1,"",.0,"9",.0,"9",.0,"9",.0,"9",.0,"9",.0,"9",.0,"9",.0,"9",.0,"9",.0,"9",.0,"9",.0,"9",.0,"9",.0,"9",.0,"9",3.0,"",0,"",0,"","R",0,"9",0,"9",0,"8"
"351220495","LUBLIN-RADAWIEC","2018","04","08",21.5,"",5.3,"",13.9,"",2.7,"",.0,"9","",0,"9",.0,"9",11.9,"",.0,"9",.0,"9",.0,"9",.0,"9",.0,"9",.0,"9",.0,"9",.0,"9",.0,"9",.0,"9",.0,"9",.0,"9",.0,"9",.0,"9",.0,"9",.0,"9",0,"",0,"","R",0,"9",0,"9",0,"8"
"351220495","LUBLIN-RADAWIEC","2018","04","09",24.4,"",9.3,"",16.9,"",5.8,"",.0,"9","",0,"9",.0,"9",12.0,"",.0,"9",.0,"9",.0,"9",.0,"9",.0,"9",.0,"9",.0,"9",.0,"9",.0,"9",.0,"9",.0,"9",.0,"9",.0,"9",.0,"9",.0,"9",.0,"9",0,"",0,"","R",0,"9",0,"9",0,"8"
"351220495","LUBLIN-RADAWIEC","2018","04","10",24.4,"",10.2,"",16.5,"",5.0,"",8.3,"","W",0,"9",.0,"9",10.6,"",2.4,"",.0,"9",.0,"9",.0,"9",.0,"9",.0,"9",.0,"9",.0,"9",.0,"9",.0,"9",.0,"9",.0,"9",.0,"9",1.6,"",6.0,"",.0,"9",0,"",0,"","R",0,"9",0,"9",0,"8"
"351220495","LUBLIN-RADAWIEC","2018","04","11",21.1,"",10.4,"",14.9,"",7.2,"",.0,"9","",0,"9",.0,"9",10.8,"",.0,"9",.0,"9",.0,"9",.0,"9",.0,"9",.0,"9",.0,"9",.0,"9",.0,"9",.0,"9",.0,"9",.0,"9",.0,"9",.0,"9",.0,"9",.0,"9",0,"",0,"","R",0,"9",0,"9",0,"8"
"351220495","LUBLIN-RADAWIEC","2018","04","12",20.6,"",7.2,"",13.6,"",6.9,"",.0,"9","",0,"9",.0,"9",11.8,"",.0,"9",.0,"9",.0,"9",.0,"9",.0,"9",.0,"9",.0,"9",.0,"9",.0,"9",.0,"9",.0,"9",.0,"9",.0,"9",.0,"9",6.0,"",.0,"9",0,"",0,"","R",0,"9",0,"9",0,"8"
"351220495","LUBLIN-RADAWIEC","2018","04","13",21.7,"",8.9,"",14.9,"",8.6,"",1.0,"","W",0,"9",.0,"9",10.7,"",1.5,"",.0,"9",.0,"9",.0,"9",.0,"9",4.2,"",.0,"9",.0,"9",.0,"9",.0,"9",.0,"9",.0,"9",.0,"9",3.2,"",.0,"9",.0,"9",0,"",0,"","R",0,"9",0,"9",0,"8"
"351220495","LUBLIN-RADAWIEC","2018","04","14",22.1,"",9.8,"",15.0,"",6.5,"",.0,"9","",0,"9",.0,"9",11.2,"",.0,"9",.0,"9",.0,"9",.0,"9",.0,"9",.0,"9",.0,"9",.0,"9",.0,"9",.0,"9",.0,"9",.0,"9",.0,"9",.0,"9",3.0,"",.0,"9",0,"",0,"","R",0,"9",0,"9",0,"8"
"351220495","LUBLIN-RADAWIEC","2018","04","15",23.0,"",8.6,"",15.7,"",5.1,"",.0,"9","",0,"9",.0,"9",10.7,"",.0,"9",.0,"9",.0,"9",.0,"9",.0,"9",.0,"9",.0,"9",.0,"9",.0,"9",.0,"9",.0,"9",.0,"9",.0,"9",.0,"9",15.0,"",.0,"9",0,"",0,"","R",0,"9",0,"9",0,"8"
"351220495","LUBLIN-RADAWIEC","2018","04","16",21.6,"",11.6,"",17.0,"",8.5,"",.0,"","W",0,"9",.0,"9",2.1,"",1.3,"",.0,"9",.0,"9",.0,"9",.0,"9",.0,"9",.0,"9",.0,"9",.0,"9",.0,"9",.0,"9",.0,"9",.0,"9",.0,"9",8.0,"",.0,"9",0,"",0,"","R",0,"9",0,"9",0,"8"
"351220495","LUBLIN-RADAWIEC","2018","04","17",18.4,"",11.6,"",13.3,"",11.4,"",.0,"9","",0,"9",.0,"9",.3,"",.0,"9",.0,"9",.0,"9",.0,"9",.0,"9",.0,"9",.0,"9",.0,"9",.0,"9",.0,"9",.0,"9",.0,"9",.0,"9",.0,"9",.0,"9",.0,"9",0,"",0,"","R",0,"9",0,"9",0,"8"
"351220495","LUBLIN-RADAWIEC","2018","04","18",16.9,"",4.8,"",11.7,"",2.0,"",.0,"9","",0,"9",.0,"9",12.0,"",.0,"9",.0,"9",.0,"9",.0,"9",.0,"9",3.8,"",.0,"9",.0,"9",.0,"9",.0,"9",.0,"9",.0,"9",.0,"9",.0,"9",11.0,"",.0,"9",0,"",0,"","R",0,"9",0,"9",0,"8"
"351220495","LUBLIN-RADAWIEC","2018","04","19",19.0,"",10.0,"",13.9,"",6.7,"",.0,"9","",0,"9",.0,"9",12.1,"",.0,"9",.0,"9",.0,"9",.0,"9",.0,"9",.0,"9",.0,"9",.0,"9",.0,"9",.0,"9",.0,"9",.0,"9",.0,"9",.0,"9",9.0,"",.0,"9",0,"",0,"","R",0,"9",0,"9",0,"8"
"351220495","LUBLIN-RADAWIEC","2018","04","20",18.3,"",4.0,"",11.6,"",1.9,"",.0,"9","",0,"9",.0,"9",13.0,"",.0,"9",.0,"9",.0,"9",.0,"9",.0,"9",.0,"9",.0,"9",.0,"9",.0,"9",.0,"9",.0,"9",.0,"9",.0,"9",.0,"9",10.0,"",.0,"9",0,"",0,"","R",0,"9",0,"9",0,"8"
"351220495","LUBLIN-RADAWIEC","2018","04","21",23.8,"",7.5,"",15.7,"",3.8,"",.0,"9","",0,"9",.0,"9",12.9,"",.0,"9",.0,"9",.0,"9",.0,"9",.0,"9",.0,"9",.0,"9",.0,"9",.0,"9",.0,"9",.0,"9",.5,"",.0,"9",.0,"9",11.0,"",.0,"9",0,"",0,"","R",0,"9",0,"9",0,"8"
"351220495","LUBLIN-RADAWIEC","2018","04","22",18.0,"",2.4,"",11.1,"",.4,"",.0,"9","",0,"9",.0,"9",13.1,"",.0,"9",.0,"9",.0,"9",.0,"9",.0,"9",.0,"9",.0,"9",.0,"9",.0,"9",.0,"9",.0,"9",.0,"9",.0,"9",.0,"9",8.0,"",.0,"9",0,"",0,"","R",0,"9",0,"9",0,"8"
"351220495","LUBLIN-RADAWIEC","2018","04","23",19.6,"",3.8,"",13.5,"",.0,"",.0,"","W",0,"9",.0,"9",9.6,"",.7,"",.0,"9",.0,"9",.0,"9",.0,"9",.0,"9",.0,"9",.0,"9",.0,"9",.0,"9",.0,"9",.0,"9",.0,"9",.0,"9",5.0,"",.0,"9",0,"",1,"","R",0,"9",0,"9",0,"8"
"351220495","LUBLIN-RADAWIEC","2018","04","24",18.7,"",11.8,"",14.7,"",11.0,"",.0,"","W",0,"9",.0,"9",8.1,"",.3,"",.0,"9",.0,"9",.0,"9",.0,"9",4.0,"",.0,"9",.0,"9",.0,"9",.0,"9",.0,"9",.0,"9",.0,"9",.0,"9",.0,"9",.0,"9",0,"",0,"","R",0,"9",0,"9",0,"8"
"351220495","LUBLIN-RADAWIEC","2018","04","25",23.4,"",9.0,"",15.7,"",5.8,"",.6,"","W",0,"9",.0,"9",9.7,"",.8,"",.0,"9",.0,"9",.0,"9",.0,"9",1.0,"",.0,"9",.0,"9",.0,"9",.0,"9",.0,"9",.0,"9",.0,"9",.8,"",.0,"9",.0,"9",0,"",0,"","R",0,"9",0,"9",0,"8"
"351220495","LUBLIN-RADAWIEC","2018","04","26",16.6,"",8.2,"",10.9,"",7.1,"",3.5,"","W",0,"9",.0,"9",6.8,"",2.6,"",.0,"9",.0,"9",.0,"9",.0,"9",.0,"9",.0,"9",.0,"9",.0,"9",.0,"9",.0,"9",.0,"9",.0,"9",.0,"9",.0,"9",.0,"9",0,"",0,"","R",0,"9",0,"9",0,"8"
"351220495","LUBLIN-RADAWIEC","2018","04","27",14.6,"",4.3,"",9.1,"",3.3,"",.0,"9","",0,"9",.0,"9",11.5,"",.0,"9",.0,"9",.0,"9",.0,"9",.0,"9",1.0,"",.0,"9",.0,"9",.0,"9",.0,"9",.0,"9",.0,"9",.0,"9",.0,"9",5.0,"",.0,"9",0,"",0,"","R",0,"9",0,"9",0,"8"
"351220495","LUBLIN-RADAWIEC","2018","04","28",23.5,"",5.6,"",14.9,"",3.0,"",.0,"9","",0,"9",.0,"9",12.3,"",.0,"9",.0,"9",.0,"9",.0,"9",.0,"9",.0,"9",.0,"9",.0,"9",.0,"9",.0,"9",.0,"9",.0,"9",.0,"9",.0,"9",7.0,"",.0,"9",0,"",0,"","R",0,"9",0,"9",0,"8"
"351220495","LUBLIN-RADAWIEC","2018","04","29",26.8,"",11.9,"",18.5,"",8.0,"",10.7,"","W",0,"9",.0,"9",10.2,"",1.4,"",.0,"9",.0,"9",.0,"9",.0,"9",.0,"9",.0,"9",.0,"9",.0,"9",.0,"9",.0,"9",.0,"9",.0,"9",2.6,"",5.0,"",.0,"9",0,"",0,"","R",0,"9",0,"9",0,"8"
"351220495","LUBLIN-RADAWIEC","2018","04","30",27.1,"",12.4,"",19.8,"",10.7,"",.0,"9","",0,"9",.0,"9",11.3,"",.0,"9",.0,"9",.0,"9",.0,"9",.0,"9",.0,"9",.0,"9",.0,"9",.0,"9",.0,"9",.0,"9",.0,"9",.0,"9",.0,"9",.0,"9",.0,"9",0,"",1,"","R",0,"9",0,"9",0,"8"
"351220495","LUBLIN-RADAWIEC","2018","05","01",26.2,"",11.0,"",19.5,"",10.2,"",.0,"9","",0,"9",.0,"9",11.2,"",.0,"9",.0,"9",.0,"9",.0,"9",.0,"9",.0,"9",.0,"9",.0,"9",.0,"9",.0,"9",.0,"9",.0,"9",.0,"9",.0,"9",6.0,"",.0,"9",0,"",0,"","R",0,"9",0,"9",0,"8"
"351220495","LUBLIN-RADAWIEC","2018","05","02",24.5,"",9.8,"",18.6,"",8.1,"",.0,"9","",0,"9",.0,"9",12.4,"",.0,"9",.0,"9",.0,"9",.0,"9",.0,"9",.0,"9",.0,"9",.0,"9",.0,"9",.0,"9",.0,"9",.0,"9",.0,"9",.0,"9",7.0,"",.0,"9",0,"",0,"","R",0,"9",0,"9",0,"8"
"351220495","LUBLIN-RADAWIEC","2018","05","03",27.4,"",14.1,"",20.4,"",12.5,"",.0,"9","",0,"9",.0,"9",13.0,"",.0,"9",.0,"9",.0,"9",.0,"9",.0,"9",.0,"9",.0,"9",.0,"9",.0,"9",.0,"9",.0,"9",.0,"9",.0,"9",.0,"9",.0,"9",.0,"9",0,"",0,"","R",0,"9",0,"9",0,"8"
"351220495","LUBLIN-RADAWIEC","2018","05","04",23.3,"",11.8,"",16.8,"",9.1,"",.0,"9","",0,"9",.0,"9",13.4,"",.0,"9",.0,"9",.0,"9",.0,"9",.0,"9",.0,"9",.0,"9",.0,"9",.0,"9",.0,"9",.0,"9",.0,"9",.0,"9",.0,"9",6.0,"",.0,"9",0,"",0,"","R",0,"9",0,"9",0,"8"
"351220495","LUBLIN-RADAWIEC","2018","05","05",18.9,"",8.3,"",12.9,"",8.2,"",.0,"9","",0,"9",.0,"9",13.4,"",.0,"9",.0,"9",.0,"9",.0,"9",.0,"9",.0,"9",.0,"9",.0,"9",.0,"9",.0,"9",.0,"9",.0,"9",.0,"9",.0,"9",4.0,"",.0,"9",0,"",0,"","R",0,"9",0,"9",0,"8"
"351220495","LUBLIN-RADAWIEC","2018","05","06",18.8,"",5.9,"",12.5,"",5.1,"",.0,"9","",0,"9",.0,"9",14.0,"",.0,"9",.0,"9",.0,"9",.0,"9",.0,"9",.0,"9",.0,"9",.0,"9",.0,"9",.0,"9",.0,"9",.0,"9",.0,"9",.0,"9",10.0,"",.0,"9",0,"",0,"","R",0,"9",0,"9",0,"8"
"351220495","LUBLIN-RADAWIEC","2018","05","07",21.1,"",7.3,"",14.5,"",5.1,"",.0,"9","",0,"9",.0,"9",13.8,"",.0,"9",.0,"9",.0,"9",.0,"9",.0,"9",.0,"9",.0,"9",.0,"9",.0,"9",.0,"9",.0,"9",.0,"9",.0,"9",.0,"9",7.0,"",.0,"9",0,"",0,"","R",0,"9",0,"9",0,"8"
"351220495","LUBLIN-RADAWIEC","2018","05","08",24.2,"",10.3,"",17.4,"",9.4,"",.0,"9","",0,"9",.0,"9",13.3,"",.0,"9",.0,"9",.0,"9",.0,"9",.0,"9",.0,"9",.0,"9",.0,"9",.0,"9",.0,"9",.0,"9",.0,"9",.0,"9",.0,"9",.0,"9",.0,"9",0,"",0,"","R",0,"9",0,"9",0,"8"
"351220495","LUBLIN-RADAWIEC","2018","05","09",26.5,"",11.9,"",18.3,"",9.6,"",.1,"","W",0,"9",.0,"9",8.8,"",.2,"",.0,"9",.0,"9",.0,"9",.0,"9",.0,"9",.0,"9",.0,"9",.0,"9",.0,"9",.0,"9",.0,"9",.0,"9",.6,"",.0,"9",.0,"9",0,"",0,"","R",0,"9",0,"9",0,"8"
"351220495","LUBLIN-RADAWIEC","2018","05","10",26.1,"",12.0,"",18.6,"",8.6,"",.0,"9","",0,"9",.0,"9",6.5,"",.0,"9",.0,"9",.0,"9",.0,"9",.0,"9",.0,"9",.0,"9",.0,"9",.0,"9",.0,"9",.0,"9",.0,"9",.0,"9",.0,"9",7.0,"",.0,"9",0,"",0,"","R",0,"9",0,"9",0,"8"
"351220495","LUBLIN-RADAWIEC","2018","05","11",24.7,"",13.3,"",18.6,"",11.5,"",.0,"9","",0,"9",.0,"9",13.6,"",.0,"9",.0,"9",.0,"9",.0,"9",.0,"9",.0,"9",.0,"9",.0,"9",.0,"9",.0,"9",.0,"9",.0,"9",.0,"9",.0,"9",.0,"9",.0,"9",0,"",1,"","R",0,"9",0,"9",0,"8"
"351220495","LUBLIN-RADAWIEC","2018","05","12",21.9,"",8.4,"",16.1,"",4.6,"",.0,"9","",0,"9",.0,"9",14.1,"",.0,"9",.0,"9",.0,"9",.0,"9",.0,"9",.0,"9",.0,"9",.0,"9",.0,"9",.0,"9",.0,"9",.0,"9",.0,"9",.0,"9",6.0,"",.0,"9",0,"",0,"","R",0,"9",0,"9",0,"8"
"351220495","LUBLIN-RADAWIEC","2018","05","13",24.5,"",7.9,"",16.7,"",5.1,"",.2,"","W",0,"9",.0,"9",11.9,"",.3,"",.0,"9",.0,"9",.0,"9",.0,"9",.0,"9",.0,"9",.0,"9",.0,"9",.0,"9",.0,"9",.0,"9",.0,"9",.0,"9",6.0,"",.0,"9",0,"",0,"","R",0,"9",0,"9",0,"8"
"351220495","LUBLIN-RADAWIEC","2018","05","14",16.6,"",5.9,"",11.5,"",3.0,"",4.7,"","W",0,"9",.0,"9",7.1,"",1.3,"",.0,"9",.0,"9",.0,"9",.0,"9",.0,"9",.0,"9",.0,"9",.0,"9",.0,"9",.0,"9",.0,"9",.0,"9",.0,"9",.0,"9",.0,"9",0,"",0,"","R",0,"9",0,"9",0,"8"
"351220495","LUBLIN-RADAWIEC","2018","05","15",19.9,"",8.1,"",13.7,"",6.7,"",.5,"","W",0,"9",.0,"9",6.5,"",2.0,"",.0,"9",.0,"9",.0,"9",4.0,"",8.0,"",.0,"9",.0,"9",.0,"9",.0,"9",.0,"9",.0,"9",.0,"9",.0,"9",.0,"9",.0,"9",0,"",0,"","R",0,"9",0,"9",0,"8"
"351220495","LUBLIN-RADAWIEC","2018","05","16",14.6,"",10.1,"",12.7,"",8.3,"",16.1,"","W",0,"9",.0,"9",.0,"9",10.8,"",.0,"9",.0,"9",.0,"9",5.6,"",16.6,"",.0,"9",.0,"9",.0,"9",.0,"9",.0,"9",.0,"9",.0,"9",.0,"9",.0,"9",.0,"9",0,"",0,"","R",0,"9",0,"9",0,"8"
"351220495","LUBLIN-RADAWIEC","2018","05","17",13.8,"",11.2,"",12.4,"",10.9,"",17.2,"","W",0,"9",.0,"9",.0,"9",14.0,"",.0,"9",.0,"9",.0,"9",.0,"9",7.5,"",.0,"9",.0,"9",.0,"9",.0,"9",.0,"9",.0,"9",.0,"9",.0,"9",.0,"9",.0,"9",0,"",0,"","R",0,"9",0,"9",0,"8"
"351220495","LUBLIN-RADAWIEC","2018","05","18",17.3,"",12.2,"",14.0,"",12.2,"",2.1,"","W",0,"9",.0,"9",1.4,"",5.9,"",.0,"9",.0,"9",.0,"9",.0,"9",9.8,"",.0,"9",.0,"9",.0,"9",.0,"9",.0,"9",.0,"9",.0,"9",.0,"9",.0,"9",.0,"9",0,"",0,"","R",0,"9",0,"9",0,"8"
"351220495","LUBLIN-RADAWIEC","2018","05","19",17.3,"",10.6,"",13.0,"",10.8,"",3.2,"","W",0,"9",.0,"9",1.8,"",1.8,"",.0,"9",.0,"9",.0,"9",.0,"9",8.8,"",.0,"9",.0,"9",.0,"9",.0,"9",.0,"9",.0,"9",.0,"9",.0,"9",.0,"9",.0,"9",0,"",0,"","R",0,"9",0,"9",0,"8"
"351220495","LUBLIN-RADAWIEC","2018","05","20",19.2,"",8.2,"",13.6,"",7.4,"",.0,"9","",0,"9",.0,"9",12.7,"",.0,"9",.0,"9",.0,"9",.0,"9",.0,"9",.0,"9",.0,"9",.0,"9",.0,"9",.0,"9",.0,"9",.0,"9",.0,"9",.0,"9",4.0,"",.0,"9",0,"",0,"","R",0,"9",0,"9",0,"8"
"351220495","LUBLIN-RADAWIEC","2018","05","21",19.7,"",7.4,"",14.1,"",4.9,"",.0,"","W",0,"9",.0,"9",9.7,"",.4,"",.0,"9",.0,"9",.0,"9",.0,"9",.0,"9",.0,"9",.0,"9",.0,"9",.0,"9",.0,"9",.0,"9",.0,"9",.0,"9",7.0,"",.0,"9",0,"",0,"","R",0,"9",0,"9",0,"8"
"351220495","LUBLIN-RADAWIEC","2018","05","22",21.9,"",9.8,"",15.7,"",8.9,"",.0,"9","",0,"9",.0,"9",12.0,"",.0,"9",.0,"9",.0,"9",.0,"9",.0,"9",.0,"9",.0,"9",.0,"9",.0,"9",.0,"9",.0,"9",.0,"9",.0,"9",.0,"9",3.0,"",.0,"9",0,"",1,"","R",0,"9",0,"9",0,"8"
"351220495","LUBLIN-RADAWIEC","2018","05","23",24.0,"",10.4,"",17.8,"",8.6,"",.0,"9","",0,"9",.0,"9",13.4,"",.0,"9",.0,"9",.0,"9",.0,"9",.0,"9",.0,"9",.0,"9",.0,"9",.0,"9",.0,"9",.0,"9",.0,"9",.0,"9",.0,"9",10.0,"",.0,"9",0,"",0,"","R",0,"9",0,"9",0,"8"
"351220495","LUBLIN-RADAWIEC","2018","05","24",22.4,"",11.1,"",16.9,"",10.1,"",.0,"9","",0,"9",.0,"9",13.6,"",.0,"9",.0,"9",.0,"9",.0,"9",.0,"9",.0,"9",.0,"9",.0,"9",.0,"9",.0,"9",.0,"9",.0,"9",.0,"9",.0,"9",10.0,"",.0,"9",0,"",0,"","R",0,"9",0,"9",0,"8"
"351220495","LUBLIN-RADAWIEC","2018","05","25",23.3,"",11.9,"",17.8,"",10.4,"",.0,"","W",0,"9",.0,"9",11.9,"",.7,"",.0,"9",.0,"9",.0,"9",.0,"9",.0,"9",.0,"9",.0,"9",.0,"9",.0,"9",.0,"9",.0,"9",.0,"9",.0,"9",6.0,"",.0,"9",0,"",1,"","R",0,"9",0,"9",0,"8"
"351220495","LUBLIN-RADAWIEC","2018","05","26",26.1,"",15.4,"",20.4,"",14.1,"",.0,"9","",0,"9",.0,"9",8.5,"",.0,"9",.0,"9",.0,"9",.0,"9",.0,"9",.0,"9",.0,"9",.0,"9",.0,"9",.0,"9",.0,"9",.0,"9",.0,"9",.3,"",.0,"9",.0,"9",0,"",0,"","R",0,"9",0,"9",0,"8"
"351220495","LUBLIN-RADAWIEC","2018","05","27",25.2,"",13.6,"",19.6,"",12.6,"",.0,"9","",0,"9",.0,"9",13.7,"",.0,"9",.0,"9",.0,"9",.0,"9",.0,"9",.0,"9",.0,"9",.0,"9",.0,"9",.0,"9",.0,"9",.0,"9",.0,"9",.0,"9",2.0,"",.0,"9",0,"",0,"","R",0,"9",0,"9",0,"8"
"351220495","LUBLIN-RADAWIEC","2018","05","28",25.4,"",11.9,"",19.6,"",9.3,"",.0,"9","",0,"9",.0,"9",14.9,"",.0,"9",.0,"9",.0,"9",.0,"9",.0,"9",.0,"9",.0,"9",.0,"9",.0,"9",.0,"9",.0,"9",.0,"9",.0,"9",.0,"9",9.0,"",.0,"9",0,"",0,"","R",0,"9",0,"9",0,"8"
"351220495","LUBLIN-RADAWIEC","2018","05","29",26.3,"",11.5,"",19.9,"",8.0,"",.0,"9","",0,"9",.0,"9",14.8,"",.0,"9",.0,"9",.0,"9",.0,"9",.0,"9",.0,"9",.0,"9",.0,"9",.0,"9",.0,"9",.0,"9",.0,"9",.0,"9",.0,"9",6.0,"",.0,"9",0,"",0,"","R",0,"9",0,"9",0,"8"
"351220495","LUBLIN-RADAWIEC","2018","05","30",28.4,"",13.2,"",21.1,"",9.9,"",.0,"9","",0,"9",.0,"9",14.7,"",.0,"9",.0,"9",.0,"9",.0,"9",.0,"9",.0,"9",.0,"9",.0,"9",.0,"9",.0,"9",.0,"9",.0,"9",.0,"9",.0,"9",8.0,"",.0,"9",0,"",0,"","R",0,"9",0,"9",0,"8"
"351220495","LUBLIN-RADAWIEC","2018","05","31",29.6,"",13.1,"",22.9,"",10.8,"",.0,"9","",0,"9",.0,"9",13.7,"",.0,"9",.0,"9",.0,"9",.0,"9",.0,"9",.0,"9",.0,"9",.0,"9",.0,"9",.0,"9",.0,"9",.0,"9",.0,"9",.0,"9",6.0,"",.0,"9",0,"",0,"","R",0,"9",0,"9",0,"8"
"351220495","LUBLIN-RADAWIEC","2018","06","01",27.1,"",16.2,"",21.5,"",15.1,"",.0,"9","",0,"9",.0,"9",14.8,"",.0,"9",.0,"9",.0,"9",.0,"9",.0,"9",.0,"9",.0,"9",.0,"9",.0,"9",.0,"9",.0,"9",.0,"9",.0,"9",.0,"9",1.0,"",.0,"9",0,"",1,"","R",0,"9",0,"9",0,"8"
"351220495","LUBLIN-RADAWIEC","2018","06","02",25.3,"",11.9,"",19.3,"",10.2,"",2.5,"","W",0,"9",.0,"9",8.1,"",1.1,"",.0,"9",.0,"9",.0,"9",.0,"9",.0,"9",.0,"9",.0,"9",.0,"9",.0,"9",.0,"9",.0,"9",.0,"9",.8,"",5.0,"",.0,"9",0,"",0,"","R",0,"9",0,"9",0,"8"
"351220495","LUBLIN-RADAWIEC","2018","06","03",26.1,"",12.6,"",19.7,"",10.5,"",.0,"9","",0,"9",.0,"9",13.3,"",.0,"9",.0,"9",.0,"9",.0,"9",1.4,"",2.2,"",.0,"9",.0,"9",.0,"9",.0,"9",.0,"9",.0,"9",.0,"9",.0,"9",.0,"9",.0,"9",0,"",0,"","R",0,"9",0,"9",0,"8"
"351220495","LUBLIN-RADAWIEC","2018","06","04",27.1,"",15.0,"",20.8,"",13.1,"",.0,"9","",0,"9",.0,"9",11.3,"",.0,"9",.0,"9",.0,"9",.0,"9",3.3,"",4.6,"",.0,"9",.0,"9",.0,"9",.0,"9",.0,"9",.0,"9",.0,"9",.0,"9",.0,"9",.0,"9",0,"",0,"","R",0,"9",0,"9",0,"8"
"351220495","LUBLIN-RADAWIEC","2018","06","05",25.4,"",14.7,"",19.4,"",13.5,"",.0,"9","",0,"9",.0,"9",12.1,"",.0,"9",.0,"9",.0,"9",.0,"9",.0,"9",.0,"9",.0,"9",.0,"9",.0,"9",.0,"9",.0,"9",.0,"9",.0,"9",.0,"9",.0,"9",.0,"9",0,"",0,"","R",0,"9",0,"9",0,"8"
"351220495","LUBLIN-RADAWIEC","2018","06","06",18.1,"",5.3,"",11.7,"",4.0,"",.0,"9","",0,"9",.0,"9",15.3,"",.0,"9",.0,"9",.0,"9",.0,"9",.0,"9",.0,"9",.0,"9",.0,"9",.0,"9",.0,"9",.0,"9",.0,"9",.0,"9",.0,"9",.0,"9",.0,"9",0,"",0,"","R",0,"9",0,"9",0,"8"
"351220495","LUBLIN-RADAWIEC","2018","06","07",22.0,"",5.1,"",15.3,"",2.3,"",.0,"9","",0,"9",.0,"9",15.2,"",.0,"9",.0,"9",.0,"9",.0,"9",.0,"9",.0,"9",.0,"9",.0,"9",.0,"9",.0,"9",.0,"9",.0,"9",.0,"9",.0,"9",.0,"9",.0,"9",0,"",0,"","R",0,"9",0,"9",0,"8"
"351220495","LUBLIN-RADAWIEC","2018","06","08",27.4,"",10.3,"",19.8,"",7.2,"",.0,"9","",0,"9",.0,"9",15.2,"",.0,"9",.0,"9",.0,"9",.0,"9",.0,"9",.0,"9",.0,"9",.0,"9",.0,"9",.0,"9",.0,"9",.0,"9",.0,"9",.0,"9",.0,"9",.0,"9",0,"",0,"","R",0,"9",0,"9",0,"8"
"351220495","LUBLIN-RADAWIEC","2018","06","09",28.8,"",13.9,"",22.7,"",10.3,"",.0,"9","",0,"9",.0,"9",14.0,"",.0,"9",.0,"9",.0,"9",.0,"9",.0,"9",.0,"9",.0,"9",.0,"9",.0,"9",.0,"9",.0,"9",.0,"9",.0,"9",.0,"9",.0,"9",.0,"9",0,"",0,"","R",0,"9",0,"9",0,"8"
"351220495","LUBLIN-RADAWIEC","2018","06","10",29.5,"",14.9,"",23.0,"",11.4,"",.2,"","W",0,"9",.0,"9",12.9,"",.0,"9",.0,"9",.0,"9",.0,"9",.0,"9",.0,"9",.0,"9",.0,"9",.0,"9",.0,"9",.0,"9",.0,"9",.0,"9",.0,"9",.0,"9",.0,"9",0,"",0,"","R",0,"9",0,"9",0,"8"
"351220495","LUBLIN-RADAWIEC","2018","06","11",25.2,"",15.4,"",20.1,"",12.3,"",2.9,"","W",0,"9",.0,"9",5.6,"",2.1,"",.0,"9",.0,"9",.0,"9",.0,"9",.0,"9",.0,"9",.0,"9",.0,"9",.0,"9",.0,"9",.0,"9",.0,"9",.0,"9",.0,"9",.0,"9",0,"",1,"","R",0,"9",0,"9",0,"8"
"351220495","LUBLIN-RADAWIEC","2018","06","12",21.9,"",15.4,"",17.9,"",13.6,"",9.5,"","W",0,"9",.0,"9",2.2,"",4.1,"",.0,"9",.0,"9",.0,"9",.0,"9",5.8,"",.0,"9",.0,"9",.0,"9",.0,"9",.0,"9",.0,"9",.0,"9",.0,"9",7.6,"",.0,"9",0,"",0,"","R",0,"9",0,"9",0,"8"
"351220495","LUBLIN-RADAWIEC","2018","06","13",20.9,"",10.3,"",16.9,"",8.4,"",.0,"","W",0,"9",.0,"9",6.1,"",.3,"",.0,"9",.0,"9",.0,"9",.0,"9",.0,"9",.0,"9",.0,"9",.0,"9",.0,"9",.0,"9",.0,"9",.0,"9",.0,"9",.0,"9",.0,"9",0,"",0,"","R",0,"9",0,"9",0,"8"
"351220495","LUBLIN-RADAWIEC","2018","06","14",22.8,"",14.6,"",17.6,"",14.5,"",.2,"","W",0,"9",.0,"9",5.3,"",4.9,"",.0,"9",.0,"9",.0,"9",.0,"9",.0,"9",.0,"9",.0,"9",.0,"9",.0,"9",.0,"9",.0,"9",.0,"9",.0,"9",1.0,"",.0,"9",0,"",0,"","R",0,"9",0,"9",0,"8"
"351220495","LUBLIN-RADAWIEC","2018","06","15",25.1,"",12.2,"",18.9,"",11.7,"",.0,"9","",0,"9",.0,"9",12.0,"",.0,"9",.0,"9",.0,"9",.0,"9",.0,"9",.0,"9",.0,"9",.0,"9",.0,"9",.0,"9",.0,"9",.0,"9",.0,"9",.0,"9",8.0,"",.0,"9",0,"",0,"","R",0,"9",0,"9",0,"8"
"351220495","LUBLIN-RADAWIEC","2018","06","16",25.8,"",12.3,"",19.8,"",9.7,"",.0,"9","",0,"9",.0,"9",13.9,"",.0,"9",.0,"9",.0,"9",.0,"9",.0,"9",.0,"9",.0,"9",.0,"9",.0,"9",.0,"9",.0,"9",.0,"9",.0,"9",.0,"9",4.0,"",.0,"9",0,"",0,"","R",0,"9",0,"9",0,"8"
"351220495","LUBLIN-RADAWIEC","2018","06","17",25.4,"",11.7,"",20.6,"",9.8,"",.5,"","W",0,"9",.0,"9",7.0,"",1.6,"",.0,"9",.0,"9",.0,"9",.0,"9",.0,"9",.0,"9",.0,"9",.0,"9",.0,"9",.0,"9",.0,"9",.0,"9",.0,"9",6.0,"",.0,"9",0,"",0,"","R",0,"9",0,"9",0,"8"
"351220495","LUBLIN-RADAWIEC","2018","06","18",24.7,"",16.1,"",20.5,"",15.8,"",.0,"","W",0,"9",.0,"9",4.4,"",.3,"",.0,"9",.0,"9",.0,"9",.0,"9",.0,"9",.0,"9",.0,"9",.0,"9",.0,"9",.0,"9",.0,"9",.0,"9",.0,"9",.0,"9",.0,"9",0,"",0,"","R",0,"9",0,"9",0,"8"
"351220495","LUBLIN-RADAWIEC","2018","06","19",27.1,"",14.7,"",21.5,"",13.2,"",.0,"9","",0,"9",.0,"9",8.2,"",.0,"9",.0,"9",.0,"9",.0,"9",.0,"9",.0,"9",.0,"9",.0,"9",.0,"9",.0,"9",.0,"9",.0,"9",.0,"9",.0,"9",6.0,"",.0,"9",0,"",0,"","R",0,"9",0,"9",0,"8"
"351220495","LUBLIN-RADAWIEC","2018","06","20",27.4,"",16.1,"",21.7,"",14.0,"",.0,"9","",0,"9",.0,"9",13.0,"",.0,"9",.0,"9",.0,"9",.0,"9",.0,"9",.0,"9",.0,"9",.0,"9",.0,"9",.0,"9",.0,"9",.0,"9",.0,"9",.0,"9",.0,"9",.0,"9",0,"",0,"","R",0,"9",0,"9",0,"8"
"351220495","LUBLIN-RADAWIEC","2018","06","21",31.1,"",15.8,"",23.0,"",11.9,"",2.0,"","W",0,"9",.0,"9",8.6,"",1.7,"",.0,"9",.0,"9",.0,"9",.0,"9",.0,"9",.0,"9",.0,"9",.0,"9",.0,"9",.0,"9",.2,"",.0,"9",2.2,"",.0,"9",.0,"9",0,"",0,"","R",0,"9",0,"9",0,"8"
"351220495","LUBLIN-RADAWIEC","2018","06","22",25.0,"",10.9,"",13.4,"",10.7,"",.0,"9","",0,"9",.0,"9",3.6,"",.8,"",.0,"9",.0,"9",.0,"9",.0,"9",.0,"9",.0,"9",.0,"9",.0,"9",.0,"9",.0,"9",.0,"9",.0,"9",.0,"9",.0,"9",.0,"9",0,"",0,"","R",0,"9",0,"9",0,"8"
"351220495","LUBLIN-RADAWIEC","2018","06","23",15.8,"",9.9,"",11.7,"",9.5,"",2.2,"","W",0,"9",.0,"9",2.4,"",2.7,"",.0,"9",.0,"9",.0,"9",.0,"9",.0,"9",.0,"9",.0,"9",.0,"9",.0,"9",.0,"9",.0,"9",.0,"9",.0,"9",.0,"9",.0,"9",0,"",0,"","R",0,"9",0,"9",0,"8"
"351220495","LUBLIN-RADAWIEC","2018","06","24",14.8,"",7.5,"",11.6,"",6.9,"",6.4,"","W",0,"9",.0,"9",3.6,"",4.2,"",.0,"9",.0,"9",.0,"9",.0,"9",.0,"9",.0,"9",.0,"9",.0,"9",.0,"9",.0,"9",.0,"9",.0,"9",.4,"",.0,"9",.0,"9",0,"",0,"","R",0,"9",0,"9",0,"8"
"351220495","LUBLIN-RADAWIEC","2018","06","25",18.9,"",9.0,"",12.4,"",9.6,"",3.3,"","W",0,"9",.0,"9",2.7,"",4.3,"",.0,"9",.0,"9",.0,"9",.7,"",5.8,"",.0,"9",.0,"9",.0,"9",.0,"9",.0,"9",.0,"9",.0,"9",.1,"",.0,"9",.0,"9",0,"",0,"","R",0,"9",0,"9",0,"8"
"351220495","LUBLIN-RADAWIEC","2018","06","26",19.2,"",8.6,"",13.1,"",7.6,"",21.3,"","W",0,"9",.0,"9",5.7,"",5.0,"",.0,"9",.0,"9",.0,"9",.0,"9",2.9,"",.0,"9",.0,"9",.0,"9",.0,"9",.0,"9",.0,"9",.0,"9",1.1,"",.0,"9",.0,"9",0,"",0,"","R",0,"9",0,"9",0,"8"
"351220495","LUBLIN-RADAWIEC","2018","06","27",24.8,"",10.2,"",18.1,"",8.7,"",11.9,"","W",0,"9",.0,"9",4.9,"",2.0,"",.0,"9",.0,"9",.0,"9",.0,"9",3.9,"",.0,"9",.0,"9",.0,"9",.0,"9",.0,"9",.0,"9",.0,"9",.0,"9",.0,"9",.0,"9",0,"",0,"","R",0,"9",0,"9",0,"8"
"351220495","LUBLIN-RADAWIEC","2018","06","28",25.2,"",15.6,"",19.8,"",15.2,"",.5,"","W",0,"9",.0,"9",5.8,"",6.0,"",.0,"9",.0,"9",.0,"9",.0,"9",.0,"9",.0,"9",.0,"9",.0,"9",.0,"9",.0,"9",.0,"9",.0,"9",.0,"9",.0,"9",.0,"9",0,"",1,"","R",0,"9",0,"9",0,"8"
"351220495","LUBLIN-RADAWIEC","2018","06","29",27.9,"",16.1,"",21.9,"",15.6,"",.0,"9","",0,"9",.0,"9",11.5,"",.0,"9",.0,"9",.0,"9",.0,"9",.0,"9",.0,"9",.0,"9",.0,"9",.0,"9",.0,"9",.0,"9",.0,"9",.0,"9",.0,"9",.0,"9",.0,"9",0,"",0,"","R",0,"9",0,"9",0,"8"
"351220495","LUBLIN-RADAWIEC","2018","06","30",23.3,"",11.9,"",14.3,"",11.4,"",2.0,"","W",0,"9",.0,"9",5.9,"",.5,"",.0,"9",.0,"9",.0,"9",.0,"9",.0,"9",.0,"9",.0,"9",.0,"9",.0,"9",.0,"9",.0,"9",.0,"9",.0,"9",.0,"9",.0,"9",0,"",0,"","R",0,"9",0,"9",0,"8"
"351220495","LUBLIN-RADAWIEC","2018","07","01",16.4,"",10.7,"",12.3,"",10.5,"",.2,"","W",0,"9",.0,"9",1.5,"",2.8,"",.0,"9",.0,"9",.0,"9",.0,"9",.0,"9",.0,"9",.0,"9",.0,"9",.0,"9",.0,"9",.0,"9",.0,"9",.0,"9",.0,"9",.0,"9",0,"",0,"","R",0,"9",0,"9",0,"8"
"351220495","LUBLIN-RADAWIEC","2018","07","02",13.0,"",10.4,"",11.7,"",10.5,"",1.0,"","W",0,"9",.0,"9",.0,"9",8.2,"",.0,"9",.0,"9",.0,"9",.0,"9",.0,"9",.0,"9",.0,"9",.0,"9",.0,"9",.0,"9",.0,"9",.0,"9",.0,"9",.0,"9",.0,"9",0,"",0,"","R",0,"9",0,"9",0,"8"
"351220495","LUBLIN-RADAWIEC","2018","07","03",22.5,"",11.8,"",16.9,"",11.4,"",.0,"9","",0,"9",.0,"9",7.8,"",.1,"",.0,"9",.0,"9",.0,"9",.0,"9",.0,"9",.0,"9",.0,"9",.0,"9",.0,"9",.0,"9",.0,"9",.0,"9",.0,"9",.0,"9",.0,"9",0,"",0,"","R",0,"9",0,"9",0,"8"
"351220495","LUBLIN-RADAWIEC","2018","07","04",25.2,"",13.9,"",19.8,"",11.7,"",.0,"9","",0,"9",.0,"9",13.0,"",.0,"9",.0,"9",.0,"9",.0,"9",.0,"9",.0,"9",.0,"9",.0,"9",.0,"9",.0,"9",.0,"9",.0,"9",.0,"9",.0,"9",3.0,"",.0,"9",0,"",0,"","R",0,"9",0,"9",0,"8"
"351220495","LUBLIN-RADAWIEC","2018","07","05",29.9,"",12.0,"",22.2,"",8.0,"",.0,"","W",0,"9",.0,"9",14.3,"",.3,"",.0,"9",.0,"9",.0,"9",.0,"9",.0,"9",.0,"9",.0,"9",.0,"9",.0,"9",.0,"9",.0,"9",.0,"9",.0,"9",6.0,"",.0,"9",0,"",0,"","R",0,"9",0,"9",0,"8"
"351220495","LUBLIN-RADAWIEC","2018","07","06",27.3,"",14.9,"",22.1,"",11.9,"",.0,"9","",0,"9",.0,"9",13.8,"",.0,"9",.0,"9",.0,"9",.0,"9",.0,"9",.0,"9",.0,"9",.0,"9",.0,"9",.0,"9",.0,"9",.0,"9",.0,"9",.0,"9",.0,"9",.0,"9",0,"",0,"","R",0,"9",0,"9",0,"8"
"351220495","LUBLIN-RADAWIEC","2018","07","07",25.7,"",13.4,"",19.4,"",10.7,"",.0,"9","",0,"9",.0,"9",8.1,"",.0,"9",.0,"9",.0,"9",.0,"9",.0,"9",.0,"9",.0,"9",.0,"9",.0,"9",.0,"9",.0,"9",.0,"9",.0,"9",.0,"9",.0,"9",.0,"9",0,"",0,"","R",0,"9",0,"9",0,"8"
"351220495","LUBLIN-RADAWIEC","2018","07","08",26.5,"",13.1,"",19.5,"",12.2,"",.0,"9","",0,"9",.0,"9",10.8,"",.0,"9",.0,"9",.0,"9",.0,"9",.0,"9",.0,"9",.0,"9",.0,"9",.0,"9",.0,"9",.0,"9",.0,"9",.0,"9",.0,"9",.0,"9",.0,"9",0,"",0,"","R",0,"9",0,"9",0,"8"
"351220495","LUBLIN-RADAWIEC","2018","07","09",25.4,"",13.2,"",19.4,"",11.8,"",.0,"9","",0,"9",.0,"9",14.3,"",.0,"9",.0,"9",.0,"9",.0,"9",.0,"9",.0,"9",.0,"9",.0,"9",.0,"9",.0,"9",.0,"9",.0,"9",.0,"9",.0,"9",.0,"9",.0,"9",0,"",0,"","R",0,"9",0,"9",0,"8"
"351220495","LUBLIN-RADAWIEC","2018","07","10",27.1,"",14.2,"",20.7,"",11.1,"",.0,"9","",0,"9",.0,"9",7.1,"",.0,"9",.0,"9",.0,"9",.0,"9",.0,"9",.0,"9",.0,"9",.0,"9",.0,"9",.0,"9",.0,"9",.0,"9",.0,"9",.0,"9",.0,"9",.0,"9",0,"",1,"","R",0,"9",0,"9",0,"8"
"351220495","LUBLIN-RADAWIEC","2018","07","11",28.5,"",13.8,"",21.5,"",11.5,"",7.7,"","W",0,"9",.0,"9",6.1,"",2.3,"",.0,"9",.0,"9",.0,"9",.0,"9",.0,"9",.0,"9",.0,"9",.0,"9",.0,"9",.0,"9",.0,"9",.0,"9",.1,"",.0,"9",.0,"9",0,"",0,"","R",0,"9",0,"9",0,"8"
"351220495","LUBLIN-RADAWIEC","2018","07","12",24.7,"",16.5,"",19.0,"",16.4,"",2.5,"","W",0,"9",.0,"9",4.3,"",1.1,"",.0,"9",.0,"9",.0,"9",.0,"9",7.5,"",.0,"9",.0,"9",.0,"9",.0,"9",.0,"9",.0,"9",.0,"9",.0,"9",.0,"9",.0,"9",0,"",0,"","R",0,"9",0,"9",0,"8"
"351220495","LUBLIN-RADAWIEC","2018","07","13",21.0,"",13.4,"",16.5,"",12.7,"",3.0,"","W",0,"9",.0,"9",4.4,"",3.5,"",.0,"9",.0,"9",.0,"9",.0,"9",1.8,"",.0,"9",.0,"9",.0,"9",.0,"9",.0,"9",.0,"9",.0,"9",.0,"9",.0,"9",.0,"9",0,"",0,"","R",0,"9",0,"9",0,"8"
"351220495","LUBLIN-RADAWIEC","2018","07","14",20.2,"",14.7,"",17.3,"",13.3,"",8.0,"","W",0,"9",.0,"9",.9,"",6.3,"",.0,"9",.0,"9",.0,"9",.0,"9",8.2,"",.0,"9",.0,"9",.0,"9",.0,"9",.0,"9",.0,"9",.0,"9",.0,"",.0,"9",.0,"9",0,"",0,"","R",0,"9",0,"9",0,"8"
"351220495","LUBLIN-RADAWIEC","2018","07","15",20.2,"",15.2,"",17.0,"",15.3,"",8.1,"","W",0,"9",.0,"9",1.9,"",5.9,"",.0,"9",.0,"9",.0,"9",.0,"9",9.5,"",.0,"9",.0,"9",.0,"9",.0,"9",.0,"9",.0,"9",.0,"9",.0,"9",.0,"9",.0,"9",0,"",1,"","R",0,"9",0,"9",0,"8"
"351220495","LUBLIN-RADAWIEC","2018","07","16",21.3,"",15.3,"",17.4,"",15.3,"",16.9,"","W",0,"9",.0,"9",5.0,"",4.0,"",.0,"9",.0,"9",.0,"9",1.6,"",13.3,"",.0,"9",.0,"9",.0,"9",.0,"9",.0,"9",.0,"9",.0,"9",2.3,"",.0,"9",.0,"9",0,"",0,"","R",0,"9",0,"9",0,"8"
"351220495","LUBLIN-RADAWIEC","2018","07","17",23.7,"",15.8,"",19.5,"",14.5,"",1.8,"","W",0,"9",.0,"9",2.9,"",.4,"",.0,"9",.0,"9",.0,"9",6.6,"",.9,"",.0,"9",.0,"9",.0,"9",.0,"9",.0,"9",.0,"9",.0,"9",.0,"9",.0,"9",.0,"9",0,"",0,"","R",0,"9",0,"9",0,"8"
"351220495","LUBLIN-RADAWIEC","2018","07","18",26.9,"",17.9,"",20.7,"",17.3,"",.2,"","W",0,"9",.0,"9",2.6,"",4.0,"",.0,"9",.0,"9",.0,"9",.0,"9",4.0,"",.0,"9",.0,"9",.0,"9",.0,"9",.0,"9",.0,"9",.0,"9",1.7,"",.0,"9",.0,"9",0,"",0,"","R",0,"9",0,"9",0,"8"
"351220495","LUBLIN-RADAWIEC","2018","07","19",26.7,"",17.8,"",20.2,"",17.4,"",3.3,"","W",0,"9",.0,"9",4.3,"",1.7,"",.0,"9",.0,"9",.0,"9",.0,"9",12.5,"",.0,"9",.0,"9",.0,"9",.0,"9",.0,"9",.0,"9",.0,"9",3.9,"",.0,"9",.0,"9",0,"",0,"","R",0,"9",0,"9",0,"8"
"351220495","LUBLIN-RADAWIEC","2018","07","20",25.5,"",17.2,"",19.8,"",16.8,"",3.0,"","W",0,"9",.0,"9",2.8,"",1.1,"",.0,"9",.0,"9",.0,"9",.0,"9",10.8,"",.0,"9",.0,"9",.0,"9",.0,"9",.0,"9",.0,"9",.0,"9",1.3,"",.0,"9",.0,"9",0,"",0,"","R",0,"9",0,"9",0,"8"
"351220495","LUBLIN-RADAWIEC","2018","07","21",26.7,"",16.4,"",20.9,"",14.8,"",.0,"9","",0,"9",.0,"9",9.0,"",.0,"9",.0,"9",.0,"9",.0,"9",.0,"9",.0,"9",.0,"9",.0,"9",.0,"9",.0,"9",.0,"9",.0,"9",.0,"9",.0,"9",4.0,"",.0,"9",0,"",0,"","R",0,"9",0,"9",0,"8"
"351220495","LUBLIN-RADAWIEC","2018","07","22",27.7,"",14.4,"",22.1,"",12.8,"",1.1,"","W",0,"9",.0,"9",14.3,"",.4,"",.0,"9",.0,"9",.0,"9",.0,"9",.0,"9",.0,"9",.0,"9",.0,"9",.0,"9",.0,"9",.0,"9",.0,"9",.0,"9",8.0,"",.0,"9",0,"",0,"","R",0,"9",0,"9",0,"8"
"351220495","LUBLIN-RADAWIEC","2018","07","23",26.7,"",16.9,"",21.5,"",15.8,"",.6,"","W",0,"9",.0,"9",7.1,"",.7,"",.0,"9",.0,"9",.0,"9",.0,"9",.0,"9",.0,"9",.0,"9",.0,"9",.0,"9",.0,"9",.0,"9",.0,"9",.0,"9",.0,"9",.0,"9",0,"",0,"","R",0,"9",0,"9",0,"8"
"351220495","LUBLIN-RADAWIEC","2018","07","24",27.8,"",17.2,"",21.9,"",16.6,"",.0,"9","",0,"9",.0,"9",9.1,"",.0,"9",.0,"9",.0,"9",.0,"9",.0,"9",.0,"9",.0,"9",.0,"9",.0,"9",.0,"9",.0,"9",.0,"9",.0,"9",.1,"",3.0,"",.0,"9",0,"",0,"","R",0,"9",0,"9",0,"8"
"351220495","LUBLIN-RADAWIEC","2018","07","25",25.6,"",16.3,"",20.9,"",15.4,"",.5,"","W",0,"9",.0,"9",8.4,"",1.2,"",.0,"9",.0,"9",.0,"9",.0,"9",1.8,"",.0,"9",.0,"9",.0,"9",.0,"9",.0,"9",.0,"9",.0,"9",.0,"",7.0,"",.0,"9",0,"",0,"","R",0,"9",0,"9",0,"8"
"351220495","LUBLIN-RADAWIEC","2018","07","26",27.0,"",15.3,"",20.4,"",14.7,"",3.5,"","W",0,"9",.0,"9",4.0,"",1.5,"",.0,"9",.0,"9",.0,"9",.0,"9",2.9,"",.0,"9",.0,"9",.0,"9",.0,"9",.0,"9",.0,"9",.0,"9",1.5,"",7.0,"",.0,"9",0,"",0,"","R",0,"9",0,"9",0,"8"
"351220495","LUBLIN-RADAWIEC","2018","07","27",28.0,"",17.3,"",22.4,"",16.9,"",.0,"9","",0,"9",.0,"9",11.6,"",.0,"9",.0,"9",.0,"9",.0,"9",.0,"9",2.1,"",.0,"9",.0,"9",.0,"9",.0,"9",.0,"9",.0,"9",.0,"9",.0,"9",2.5,"",.0,"9",0,"",0,"","R",0,"9",0,"9",0,"8"
"351220495","LUBLIN-RADAWIEC","2018","07","28",29.6,"",16.9,"",23.3,"",15.9,"",.0,"9","",0,"9",.0,"9",10.4,"",.0,"9",.0,"9",.0,"9",.0,"9",.6,"",3.5,"",.0,"9",.0,"9",.0,"9",.0,"9",.0,"9",.0,"9",.0,"9",.0,"9",8.3,"",.0,"9",0,"",1,"","R",0,"9",0,"9",0,"8"
"351220495","LUBLIN-RADAWIEC","2018","07","29",29.3,"",18.0,"",23.9,"",16.7,"",.0,"9","",0,"9",.0,"9",8.8,"",.0,"9",.0,"9",.0,"9",.0,"9",.0,"9",2.7,"",.0,"9",.0,"9",.0,"9",.0,"9",.0,"9",.0,"9",.0,"9",1.8,"",7.0,"",.0,"9",0,"",0,"","R",0,"9",0,"9",0,"8"
"351220495","LUBLIN-RADAWIEC","2018","07","30",29.8,"",17.7,"",24.2,"",17.2,"",.2,"","W",0,"9",.0,"9",10.6,"",.4,"",.0,"9",.0,"9",.0,"9",.0,"9",.0,"9",.0,"9",.0,"9",.0,"9",.0,"9",.0,"9",.0,"9",.0,"9",.5,"",.0,"9",.0,"9",0,"",0,"","R",0,"9",0,"9",0,"8"
"351220495","LUBLIN-RADAWIEC","2018","07","31",30.0,"",18.3,"",23.0,"",17.0,"",.4,"","W",0,"9",.0,"9",6.8,"",.6,"",.0,"9",.0,"9",.0,"9",.0,"9",.0,"9",.0,"9",.0,"9",.0,"9",.0,"9",.0,"9",.0,"9",.0,"9",1.9,"",.0,"9",.0,"9",0,"",0,"","R",0,"9",0,"9",0,"8"
"351220495","LUBLIN-RADAWIEC","2018","08","01",30.1,"",18.2,"",23.4,"",17.4,"",.0,"9","",0,"9",.0,"9",4.5,"",.0,"9",.0,"9",.0,"9",.0,"9",.0,"9",.0,"9",.0,"9",.0,"9",.0,"9",.0,"9",.0,"9",.0,"9",.0,"9",.0,"9",3.0,"",.0,"9",0,"",1,"","R",0,"9",0,"9",0,"8"
"351220495","LUBLIN-RADAWIEC","2018","08","02",30.5,"",17.8,"",24.0,"",15.8,"",.0,"9","",0,"9",.0,"9",13.1,"",.0,"9",.0,"9",.0,"9",.0,"9",.0,"9",1.7,"",.0,"9",.0,"9",.0,"9",.0,"9",.0,"9",.0,"9",.0,"9",.0,"9",7.0,"",.0,"9",0,"",0,"","R",0,"9",0,"9",0,"8"
"351220495","LUBLIN-RADAWIEC","2018","08","03",30.7,"",16.3,"",23.7,"",14.4,"",.0,"9","",0,"9",.0,"9",8.5,"",.0,"9",.0,"9",.0,"9",.0,"9",.0,"9",.0,"9",.0,"9",.0,"9",.0,"9",.0,"9",.0,"9",.0,"9",.0,"9",.0,"9",1.0,"",.0,"9",0,"",0,"","R",0,"9",0,"9",0,"8"
"351220495","LUBLIN-RADAWIEC","2018","08","04",31.4,"",17.7,"",24.5,"",15.3,"",2.9,"","W",0,"9",.0,"9",9.6,"",.3,"",.0,"9",.0,"9",.0,"9",.0,"9",.0,"9",.0,"9",.0,"9",.0,"9",.0,"9",.0,"9",.0,"9",.0,"9",.4,"",8.0,"",.0,"9",0,"",0,"","R",0,"9",0,"9",0,"8"
"351220495","LUBLIN-RADAWIEC","2018","08","05",27.6,"",16.2,"",22.1,"",14.8,"",.0,"9","",0,"9",.0,"9",11.3,"",.0,"9",.0,"9",.0,"9",.0,"9",.0,"9",.0,"9",.0,"9",.0,"9",.0,"9",.0,"9",.0,"9",.0,"9",.0,"9",.0,"9",7.0,"",.0,"9",0,"",0,"","R",0,"9",0,"9",0,"8"
"351220495","LUBLIN-RADAWIEC","2018","08","06",24.6,"",15.3,"",19.6,"",13.4,"",.0,"9","",0,"9",.0,"9",11.0,"",.0,"9",.0,"9",.0,"9",.0,"9",.0,"9",.0,"9",.0,"9",.0,"9",.0,"9",.0,"9",.0,"9",.0,"9",.0,"9",.0,"9",4.0,"",.0,"9",0,"",0,"","R",0,"9",0,"9",0,"8"
"351220495","LUBLIN-RADAWIEC","2018","08","07",27.3,"",13.1,"",20.6,"",10.8,"",.0,"9","",0,"9",.0,"9",13.8,"",.0,"9",.0,"9",.0,"9",.0,"9",.0,"9",.0,"9",.0,"9",.0,"9",.0,"9",.0,"9",.0,"9",.0,"9",.0,"9",.0,"9",5.0,"",.0,"9",0,"",0,"","R",0,"9",0,"9",0,"8"
"351220495","LUBLIN-RADAWIEC","2018","08","08",30.0,"",13.2,"",22.6,"",10.2,"",.0,"9","",0,"9",.0,"9",13.8,"",.0,"9",.0,"9",.0,"9",.0,"9",.0,"9",.0,"9",.0,"9",.0,"9",.0,"9",.0,"9",.0,"9",.0,"9",.0,"9",.0,"9",5.0,"",.0,"9",0,"",1,"","R",0,"9",0,"9",0,"8"
"351220495","LUBLIN-RADAWIEC","2018","08","09",31.7,"",17.0,"",24.4,"",15.9,"",.0,"9","",0,"9",.0,"9",13.1,"",.0,"9",.0,"9",.0,"9",.0,"9",.0,"9",.0,"9",.0,"9",.0,"9",.0,"9",.0,"9",.0,"9",.0,"9",.0,"9",.0,"9",.0,"9",.0,"9",0,"",0,"","R",0,"9",0,"9",0,"8"
"351220495","LUBLIN-RADAWIEC","2018","08","10",31.9,"",18.7,"",23.5,"",18.1,"",3.8,"","W",0,"9",.0,"9",8.6,"",3.3,"",.0,"9",.0,"9",.0,"9",.0,"9",.7,"",.0,"9",.0,"9",.0,"9",.0,"9",.0,"9",.0,"9",.0,"9",2.6,"",.0,"9",.0,"9",0,"",0,"","R",0,"9",0,"9",0,"8"
"351220495","LUBLIN-RADAWIEC","2018","08","11",20.8,"",17.7,"",18.5,"",17.1,"",1.6,"","W",0,"9",.0,"9",.0,"9",3.5,"",.0,"9",.0,"9",.0,"9",3.7,"",15.9,"",.0,"9",.0,"9",.0,"9",.0,"9",.0,"9",.0,"9",.0,"9",.0,"9",.0,"9",.0,"9",0,"",0,"","R",0,"9",0,"9",0,"8"
"351220495","LUBLIN-RADAWIEC","2018","08","12",23.7,"",14.3,"",18.2,"",12.0,"",.0,"9","",0,"9",.0,"9",12.6,"",.0,"9",.0,"9",.0,"9",.0,"9",.3,"",4.9,"",.0,"9",.0,"9",.0,"9",.0,"9",.0,"9",.0,"9",.0,"9",.0,"9",3.0,"",.0,"9",0,"",0,"","R",0,"9",0,"9",0,"8"
"351220495","LUBLIN-RADAWIEC","2018","08","13",29.3,"",11.7,"",21.1,"",9.9,"",.0,"9","",0,"9",.0,"9",13.4,"",.0,"9",.0,"9",.0,"9",.0,"9",.0,"9",.0,"9",.0,"9",.0,"9",.0,"9",.0,"9",.0,"9",.0,"9",.0,"9",.0,"9",10.2,"",.0,"9",0,"",0,"","R",0,"9",0,"9",0,"8"
"351220495","LUBLIN-RADAWIEC","2018","08","14",31.7,"",16.3,"",21.7,"",14.2,"",8.3,"","W",0,"9",.0,"9",7.8,"",1.9,"",.0,"9",.0,"9",.0,"9",.2,"",6.4,"",.0,"9",.0,"9",.0,"9",.0,"9",.0,"9",.3,"",.0,"9",1.4,"",6.0,"",.0,"9",0,"",0,"","R",0,"9",0,"9",0,"8"
"351220495","LUBLIN-RADAWIEC","2018","08","15",24.8,"",17.3,"",20.3,"",16.1,"",.0,"","W",0,"9",.0,"9",6.5,"",.1,"",.0,"9",.0,"9",.0,"9",4.7,"",2.0,"",.0,"9",.0,"9",.0,"9",.0,"9",.0,"9",.0,"9",.0,"9",.0,"9",1.5,"",.0,"9",0,"",0,"","R",0,"9",0,"9",0,"8"
"351220495","LUBLIN-RADAWIEC","2018","08","16",24.1,"",14.5,"",19.3,"",12.7,"",.0,"","W",0,"9",.0,"9",8.0,"",.4,"",.0,"9",.0,"9",.0,"9",.0,"9",2.8,"",.0,"9",.0,"9",.0,"9",.0,"9",.0,"9",.0,"9",.0,"9",.0,"9",7.0,"",.0,"9",0,"",0,"","R",0,"9",0,"9",0,"8"
"351220495","LUBLIN-RADAWIEC","2018","08","17",26.3,"",15.0,"",20.4,"",13.2,"",.0,"9","",0,"9",.0,"9",11.7,"",.0,"9",.0,"9",.0,"9",.0,"9",.0,"9",.0,"9",.0,"9",.0,"9",.0,"9",.0,"9",.0,"9",.0,"9",.0,"9",.0,"9",8.5,"",.0,"9",0,"",0,"","R",0,"9",0,"9",0,"8"
"351220495","LUBLIN-RADAWIEC","2018","08","18",27.9,"",14.1,"",21.1,"",12.6,"",.0,"9","",0,"9",.0,"9",9.5,"",.0,"9",.0,"9",.0,"9",.0,"9",.0,"9",.0,"9",.0,"9",.0,"9",.0,"9",.0,"9",.0,"9",.0,"9",.0,"9",.0,"9",10.5,"",.0,"9",0,"",0,"","R",0,"9",0,"9",0,"8"
"351220495","LUBLIN-RADAWIEC","2018","08","19",28.3,"",14.0,"",22.0,"",12.2,"",.0,"9","",0,"9",.0,"9",11.0,"",.0,"9",.0,"9",.0,"9",.0,"9",.0,"9",.0,"9",.0,"9",.0,"9",.0,"9",.0,"9",.0,"9",.0,"9",.0,"9",.0,"9",10.5,"",.0,"9",0,"",0,"","R",0,"9",0,"9",0,"8"
"351220495","LUBLIN-RADAWIEC","2018","08","20",30.8,"",16.1,"",23.6,"",13.3,"",.0,"9","",0,"9",.0,"9",11.3,"",.0,"9",.0,"9",.0,"9",.0,"9",.0,"9",.0,"9",.0,"9",.0,"9",.0,"9",.0,"9",.0,"9",.0,"9",.0,"9",1.2,"",6.0,"",.0,"9",0,"",0,"","R",0,"9",0,"9",0,"8"
"351220495","LUBLIN-RADAWIEC","2018","08","21",25.1,"",16.8,"",19.3,"",13.6,"",.0,"9","",0,"9",.0,"9",7.9,"",.0,"9",.0,"9",.0,"9",.0,"9",.0,"9",.0,"9",.0,"9",.0,"9",.0,"9",.0,"9",.0,"9",.0,"9",.0,"9",.0,"9",2.5,"",.0,"9",0,"",0,"","R",0,"9",0,"9",0,"8"
"351220495","LUBLIN-RADAWIEC","2018","08","22",24.1,"",9.7,"",17.0,"",7.4,"",.0,"9","",0,"9",.0,"9",11.8,"",.0,"9",.0,"9",.0,"9",.0,"9",.0,"9",.0,"9",.0,"9",.0,"9",.0,"9",.0,"9",.0,"9",.0,"9",.0,"9",.0,"9",9.5,"",.0,"9",0,"",0,"","R",0,"9",0,"9",0,"8"
"351220495","LUBLIN-RADAWIEC","2018","08","23",28.7,"",10.9,"",20.5,"",8.1,"",.0,"9","",0,"9",.0,"9",12.5,"",.0,"9",.0,"9",.0,"9",.0,"9",.0,"9",.0,"9",.0,"9",.0,"9",.0,"9",.0,"9",.0,"9",.0,"9",.0,"9",.0,"9",7.0,"",.0,"9",0,"",0,"","R",0,"9",0,"9",0,"8"
"351220495","LUBLIN-RADAWIEC","2018","08","24",30.9,"",16.5,"",23.3,"",14.9,"",2.1,"","W",0,"9",.0,"9",11.6,"",1.4,"",.0,"9",.0,"9",.0,"9",.0,"9",2.8,"",.0,"9",.0,"9",.0,"9",.0,"9",.0,"9",.0,"9",.0,"9",1.9,"",.0,"9",.0,"9",0,"",0,"","R",0,"9",0,"9",0,"8"
"351220495","LUBLIN-RADAWIEC","2018","08","25",25.2,"",15.8,"",18.4,"",13.6,"",2.8,"","W",0,"9",.0,"9",3.3,"",2.5,"",.0,"9",.0,"9",.0,"9",.3,"",7.3,"",.0,"9",.0,"9",.0,"9",.0,"9",.0,"9",.0,"9",.0,"9",.1,"",.0,"9",.0,"9",0,"",0,"","R",0,"9",0,"9",0,"8"
"351220495","LUBLIN-RADAWIEC","2018","08","26",16.8,"",10.8,"",13.0,"",10.9,"",4.1,"","W",0,"9",.0,"9",.0,"9",13.6,"",.0,"9",.0,"9",.0,"9",.5,"",11.6,"",.0,"9",.0,"9",.0,"9",.0,"9",.0,"9",.0,"9",.0,"9",.0,"9",.0,"9",.0,"9",0,"",0,"","R",0,"9",0,"9",0,"8"
"351220495","LUBLIN-RADAWIEC","2018","08","27",19.2,"",10.5,"",14.0,"",10.7,"",.0,"","W",0,"9",.0,"9",6.4,"",.0,"9",.0,"9",.0,"9",.0,"9",.0,"9",7.0,"",.0,"9",.0,"9",.0,"9",.0,"9",.0,"9",.0,"9",.0,"9",.0,"9",5.5,"",.0,"9",0,"",0,"","R",0,"9",0,"9",0,"8"
"351220495","LUBLIN-RADAWIEC","2018","08","28",22.7,"",8.6,"",15.7,"",6.0,"",.0,"9","",0,"9",.0,"9",6.8,"",.2,"",.0,"9",.0,"9",.0,"9",.0,"9",6.3,"",.0,"9",.0,"9",.0,"9",.0,"9",.0,"9",.0,"9",.0,"9",.0,"9",7.7,"",.0,"9",0,"",0,"","R",0,"9",0,"9",0,"8"
"351220495","LUBLIN-RADAWIEC","2018","08","29",22.3,"",9.8,"",16.1,"",7.3,"",.0,"9","",0,"9",.0,"9",11.7,"",.0,"9",.0,"9",.0,"9",.0,"9",.0,"9",4.8,"",.0,"9",.0,"9",.0,"9",.0,"9",.0,"9",.0,"9",.0,"9",.0,"9",7.6,"",.0,"9",0,"",0,"","R",0,"9",0,"9",0,"8"
"351220495","LUBLIN-RADAWIEC","2018","08","30",25.1,"",9.3,"",17.8,"",6.4,"",.0,"9","",0,"9",.0,"9",11.5,"",.0,"9",.0,"9",.0,"9",.0,"9",.0,"9",.8,"",.0,"9",.0,"9",.0,"9",.0,"9",.0,"9",.0,"9",.0,"9",.0,"9",10.5,"",.0,"9",0,"",0,"","R",0,"9",0,"9",0,"8"
"351220495","LUBLIN-RADAWIEC","2018","08","31",23.0,"",14.7,"",17.9,"",11.3,"",.0,"9","",0,"9",.0,"9",4.3,"",.0,"9",.0,"9",.0,"9",.0,"9",.0,"9",4.2,"",.0,"9",.0,"9",.0,"9",.0,"9",.0,"9",.0,"9",.0,"9",.0,"9",12.0,"",.0,"9",0,"",0,"","R",0,"9",0,"9",0,"8"
"351220495","LUBLIN-RADAWIEC","2018","09","01",26.0,"",13.3,"",19.7,"",11.7,"",.0,"9","",0,"9",.0,"9",10.6,"",.0,"9",.0,"9",.0,"9",.0,"9",.0,"9",.0,"9",.0,"9",.0,"9",.0,"9",.0,"9",.0,"9",.0,"9",.0,"9",.0,"9",6.0,"",.0,"9",0,"",0,"","R",0,"9",0,"9",0,"8"
"351220495","LUBLIN-RADAWIEC","2018","09","02",26.8,"",14.4,"",20.3,"",11.6,"",.0,"9","",0,"9",.0,"9",10.3,"",.0,"9",.0,"9",.0,"9",.0,"9",.0,"9",3.2,"",.0,"9",.0,"9",.0,"9",.0,"9",.0,"9",.0,"9",.0,"9",.0,"9",6.0,"",.0,"9",0,"",0,"","R",0,"9",0,"9",0,"8"
"351220495","LUBLIN-RADAWIEC","2018","09","03",25.6,"",13.3,"",19.4,"",12.3,"",.0,"","W",0,"9",.0,"9",9.0,"",.0,"9",.0,"9",.0,"9",.0,"9",.0,"9",.0,"9",.0,"9",.0,"9",.0,"9",.0,"9",.0,"9",.0,"9",.0,"9",.0,"9",6.0,"",.0,"9",0,"",0,"","R",0,"9",0,"9",0,"8"
"351220495","LUBLIN-RADAWIEC","2018","09","04",19.9,"",14.5,"",17.1,"",13.7,"",13.8,"","W",0,"9",.0,"9",.0,"9",2.7,"",.0,"9",.0,"9",.0,"9",.0,"9",6.5,"",.0,"9",.0,"9",.0,"9",.0,"9",.0,"9",.0,"9",.0,"9",5.4,"",3.4,"",.0,"9",0,"",0,"","R",0,"9",0,"9",0,"8"
"351220495","LUBLIN-RADAWIEC","2018","09","05",24.0,"",13.1,"",17.9,"",11.9,"",.1,"","W",0,"9",.0,"9",1.4,"",1.2,"",.0,"9",.0,"9",.0,"9",.0,"9",8.4,"",.0,"9",.0,"9",.0,"9",.0,"9",.0,"9",.0,"9",.0,"9",.0,"9",.0,"9",.0,"9",0,"",1,"","R",0,"9",0,"9",0,"8"
"351220495","LUBLIN-RADAWIEC","2018","09","06",22.5,"",12.9,"",17.3,"",11.0,"",.0,"9","",0,"9",.0,"9",8.5,"",.0,"9",.0,"9",.0,"9",.0,"9",.0,"9",8.0,"",.0,"9",.0,"9",.0,"9",.0,"9",.0,"9",.0,"9",.0,"9",.0,"9",4.0,"",.0,"9",0,"",0,"","R",0,"9",0,"9",0,"8"
"351220495","LUBLIN-RADAWIEC","2018","09","07",21.9,"",12.3,"",17.1,"",11.0,"",.0,"9","",0,"9",.0,"9",5.2,"",.0,"9",.0,"9",.0,"9",.0,"9",.4,"",5.2,"",.0,"9",.0,"9",.0,"9",.0,"9",.0,"9",.0,"9",.0,"9",.0,"9",5.8,"",.0,"9",0,"",0,"","R",0,"9",0,"9",0,"8"
"351220495","LUBLIN-RADAWIEC","2018","09","08",23.5,"",12.5,"",17.2,"",10.4,"",.6,"","W",0,"9",.0,"9",7.6,"",1.2,"",.0,"9",.0,"9",.0,"9",.0,"9",5.7,"",.0,"9",.0,"9",.0,"9",.0,"9",.0,"9",.0,"9",.0,"9",.0,"9",7.0,"",.0,"9",0,"",0,"","R",0,"9",0,"9",0,"8"
"351220495","LUBLIN-RADAWIEC","2018","09","09",22.2,"",9.4,"",16.2,"",8.3,"",.0,"9","",0,"9",.0,"9",4.2,"",.0,"9",.0,"9",.0,"9",.0,"9",.0,"9",4.8,"",.0,"9",.0,"9",.0,"9",.0,"9",.0,"9",.0,"9",.0,"9",.0,"9",3.5,"",.0,"9",0,"",0,"","R",0,"9",0,"9",0,"8"
"351220495","LUBLIN-RADAWIEC","2018","09","10",23.2,"",12.8,"",17.1,"",12.1,"",.0,"9","",0,"9",.0,"9",10.8,"",.0,"9",.0,"9",.0,"9",.0,"9",.0,"9",2.5,"",.0,"9",.0,"9",.0,"9",.0,"9",.0,"9",.0,"9",.0,"9",.0,"9",11.5,"",.0,"9",0,"",0,"","R",0,"9",0,"9",0,"8"
"351220495","LUBLIN-RADAWIEC","2018","09","11",24.4,"",9.5,"",17.8,"",6.6,"",.0,"9","",0,"9",.0,"9",9.3,"",.0,"9",.0,"9",.0,"9",.0,"9",.0,"9",.0,"9",.0,"9",.0,"9",.0,"9",.0,"9",.0,"9",.0,"9",.0,"9",.0,"9",7.0,"",.0,"9",0,"",0,"","R",0,"9",0,"9",0,"8"
"351220495","LUBLIN-RADAWIEC","2018","09","12",27.7,"",12.9,"",19.9,"",9.5,"",.0,"9","",0,"9",.0,"9",11.2,"",.0,"9",.0,"9",.0,"9",.0,"9",.0,"9",.0,"9",.0,"9",.0,"9",.0,"9",.0,"9",.0,"9",.0,"9",.0,"9",.0,"9",7.0,"",.0,"9",0,"",0,"","R",0,"9",0,"9",0,"8"
"351220495","LUBLIN-RADAWIEC","2018","09","13",26.3,"",12.3,"",19.7,"",8.9,"",.0,"","W",0,"9",.0,"9",10.6,"",.0,"9",.0,"9",.0,"9",.0,"9",.0,"9",.0,"9",.0,"9",.0,"9",.0,"9",.0,"9",.0,"9",.0,"9",.0,"9",.0,"9",6.5,"",.0,"9",0,"",0,"","R",0,"9",0,"9",0,"8"
"351220495","LUBLIN-RADAWIEC","2018","09","14",21.2,"",13.3,"",16.6,"",13.0,"",14.2,"","W",0,"9",.0,"9",4.7,"",4.3,"",.0,"9",.0,"9",.0,"9",.0,"9",.0,"9",.0,"9",.0,"9",.0,"9",.0,"9",.0,"9",.0,"9",.0,"9",.0,"9",3.2,"",.0,"9",0,"",0,"","R",0,"9",0,"9",0,"8"
"351220495","LUBLIN-RADAWIEC","2018","09","15",18.2,"",12.7,"",14.7,"",12.8,"",.5,"","W",0,"9",.0,"9",1.9,"",3.2,"",.0,"9",.0,"9",.0,"9",.0,"9",5.5,"",.0,"9",.0,"9",.0,"9",.0,"9",.0,"9",.0,"9",.0,"9",.0,"9",.0,"9",.0,"9",0,"",0,"","R",0,"9",0,"9",0,"8"
"351220495","LUBLIN-RADAWIEC","2018","09","16",19.4,"",9.5,"",13.2,"",8.6,"",.0,"9","",0,"9",.0,"9",9.0,"",.0,"9",.0,"9",.0,"9",.0,"9",.0,"9",1.3,"",.0,"9",.0,"9",.0,"9",.0,"9",.0,"9",.0,"9",.0,"9",.0,"9",5.0,"",.0,"9",0,"",0,"","R",0,"9",0,"9",0,"8"
"351220495","LUBLIN-RADAWIEC","2018","09","17",22.3,"",7.6,"",14.4,"",5.3,"",.0,"9","",0,"9",.0,"9",10.9,"",.0,"9",.0,"9",.0,"9",.0,"9",.0,"9",4.8,"",.0,"9",.0,"9",.0,"9",.0,"9",.0,"9",.0,"9",.0,"9",.0,"9",14.2,"",.0,"9",0,"",0,"","R",0,"9",0,"9",0,"8"
"351220495","LUBLIN-RADAWIEC","2018","09","18",25.0,"",11.0,"",17.3,"",8.7,"",.0,"9","",0,"9",.0,"9",10.4,"",.0,"9",.0,"9",.0,"9",.0,"9",.0,"9",.0,"9",.0,"9",.0,"9",.0,"9",.0,"9",.0,"9",.0,"9",.0,"9",.0,"9",14.0,"",.0,"9",0,"",0,"","R",0,"9",0,"9",0,"8"
"351220495","LUBLIN-RADAWIEC","2018","09","19",26.1,"",11.6,"",18.1,"",9.1,"",.0,"9","",0,"9",.0,"9",11.0,"",.0,"9",.0,"9",.0,"9",.0,"9",.0,"9",3.8,"",.0,"9",.0,"9",.0,"9",.0,"9",.0,"9",.0,"9",.0,"9",.0,"9",12.0,"",.0,"9",0,"",0,"","R",0,"9",0,"9",0,"8"
"351220495","LUBLIN-RADAWIEC","2018","09","20",27.2,"",11.0,"",18.5,"",8.8,"",.0,"9","",0,"9",.0,"9",10.9,"",.0,"9",.0,"9",.0,"9",.0,"9",.0,"9",9.2,"",.0,"9",.0,"9",.0,"9",.0,"9",.0,"9",.0,"9",.0,"9",.0,"9",11.5,"",.0,"9",0,"",0,"","R",0,"9",0,"9",0,"8"
"351220495","LUBLIN-RADAWIEC","2018","09","21",26.6,"",11.5,"",19.2,"",8.1,"",5.5,"","W",0,"9",.0,"9",10.6,"",.0,"9",.0,"9",.0,"9",.0,"9",.0,"9",5.7,"",.0,"9",.0,"9",.0,"9",.0,"9",.0,"9",.0,"9",.0,"9",.0,"9",8.0,"",.0,"9",0,"",0,"","R",0,"9",0,"9",0,"8"
"351220495","LUBLIN-RADAWIEC","2018","09","22",19.9,"",9.7,"",12.5,"",8.2,"",2.1,"","W",0,"9",.0,"9",1.4,"",3.7,"",.0,"9",.0,"9",.0,"9",.0,"9",5.8,"",.0,"9",.0,"9",.0,"9",.0,"9",.0,"9",.0,"9",.0,"9",.9,"",.0,"9",.0,"9",0,"",0,"","R",0,"9",0,"9",0,"8"
"351220495","LUBLIN-RADAWIEC","2018","09","23",16.3,"",6.8,"",12.0,"",4.4,"",12.9,"","W",0,"9",.0,"9",4.7,"",6.5,"",.0,"9",.0,"9",.0,"9",.0,"9",2.3,"",.0,"9",.0,"9",.0,"9",.0,"9",.0,"9",.0,"9",.0,"9",.0,"9",.0,"9",.0,"9",0,"",0,"","R",0,"9",0,"9",0,"8"
"351220495","LUBLIN-RADAWIEC","2018","09","24",14.6,"",6.8,"",9.6,"",6.4,"",2.1,"","W",0,"9",.0,"9",1.6,"",7.8,"",.0,"9",.0,"9",.0,"9",.0,"9",.0,"9",.0,"9",.0,"9",.0,"9",.0,"9",.0,"9",2.3,"",.2,"",.0,"9",.0,"9",.0,"9",0,"",0,"","R",0,"9",0,"9",0,"8"
"351220495","LUBLIN-RADAWIEC","2018","09","25",11.8,"",4.6,"",6.9,"",4.4,"",.0,"","W",0,"9",.0,"9",5.6,"",.2,"",.0,"9",.0,"9",.0,"9",.0,"9",.0,"9",.0,"9",.0,"9",.0,"9",.0,"9",.0,"9",.0,"9",.0,"9",.0,"9",3.0,"",.0,"9",0,"",0,"","R",0,"9",0,"9",0,"8"
"351220495","LUBLIN-RADAWIEC","2018","09","26",13.2,"",.3,"",7.8,"",-2.1,"",.2,"","W",0,"9",.0,"9",9.0,"",1.7,"",.0,"9",.0,"9",.0,"9",.0,"9",.0,"9",.0,"9",.0,"9",.0,"9",.0,"9",.0,"9",.0,"9",.0,"9",.0,"9",3.0,"",3.0,"",0,"",0,"","R",0,"9",0,"9",0,"8"
"351220495","LUBLIN-RADAWIEC","2018","09","27",15.6,"",9.5,"",12.6,"",9.1,"",.0,"9","",0,"9",.0,"9",.6,"",.5,"",.0,"9",.0,"9",.0,"9",.0,"9",.0,"9",.0,"9",.0,"9",.0,"9",.0,"9",.0,"9",.0,"9",.0,"9",.0,"9",.0,"9",.0,"9",0,"",0,"","R",0,"9",0,"9",0,"8"
"351220495","LUBLIN-RADAWIEC","2018","09","28",20.9,"",8.8,"",13.3,"",7.9,"",.0,"","W",0,"9",.0,"9",6.3,"",.9,"",.0,"9",.0,"9",.0,"9",.0,"9",2.1,"",.0,"9",.0,"9",.0,"9",.0,"9",.0,"9",.0,"9",.0,"9",.0,"9",.0,"9",.0,"9",0,"",0,"","R",0,"9",0,"9",0,"8"
"351220495","LUBLIN-RADAWIEC","2018","09","29",12.9,"",3.9,"",7.6,"",1.0,"",.0,"9","",0,"9",.0,"9",9.7,"",.0,"9",.0,"9",.0,"9",.0,"9",.0,"9",.0,"9",.0,"9",.0,"9",.0,"9",.0,"9",.0,"9",.0,"9",.0,"9",.0,"9",.0,"9",3.0,"",0,"",0,"","R",0,"9",0,"9",0,"8"
"351220495","LUBLIN-RADAWIEC","2018","09","30",14.1,"",.1,"",7.1,"",-2.7,"",.0,"9","",0,"9",.0,"9",10.8,"",.0,"9",.0,"9",.0,"9",.0,"9",.0,"9",2.8,"",.0,"9",.0,"9",.0,"9",.0,"9",.0,"9",.0,"9",.0,"9",.0,"9",5.0,"",5.7,"",0,"",0,"","R",0,"9",0,"9",0,"8"
"351220495","LUBLIN-RADAWIEC","2018","10","01",16.9,"",3.2,"",9.4,"",-.2,"",.0,"9","",0,"9",.0,"9",9.7,"",.0,"9",.0,"9",.0,"9",.0,"9",.0,"9",.0,"9",.0,"9",.0,"9",.0,"9",.0,"9",.0,"9",.0,"9",.0,"9",.0,"9",7.0,"",.0,"9",0,"",0,"","R",0,"9",0,"9",0,"8"
"351220495","LUBLIN-RADAWIEC","2018","10","02",11.8,"",6.9,"",8.9,"",4.1,"",.0,"","W",0,"9",.0,"9",.2,"",.0,"9",.0,"9",.0,"9",.0,"9",.0,"9",.0,"9",.0,"9",.0,"9",.0,"9",.0,"9",.0,"9",.0,"9",.0,"9",.0,"9",.0,"9",.0,"9",0,"",0,"","R",0,"9",0,"9",0,"8"
"351220495","LUBLIN-RADAWIEC","2018","10","03",11.1,"",4.8,"",7.7,"",3.4,"",4.5,"","W",0,"9",.0,"9",2.5,"",5.0,"",.0,"9",.0,"9",.0,"9",.0,"9",.0,"9",.0,"9",.0,"9",.0,"9",.0,"9",.0,"9",.0,"9",.0,"9",.0,"9",.0,"9",.0,"9",0,"",0,"","R",0,"9",0,"9",0,"8"
"351220495","LUBLIN-RADAWIEC","2018","10","04",11.6,"",4.7,"",7.3,"",4.1,"",.0,"9","",0,"9",.0,"9",6.1,"",.0,"9",.0,"9",.0,"9",.0,"9",.0,"9",.0,"9",.0,"9",.0,"9",.0,"9",.0,"9",.0,"9",.0,"9",.0,"9",.0,"9",6.0,"",.0,"9",0,"",0,"","R",0,"9",0,"9",0,"8"
"351220495","LUBLIN-RADAWIEC","2018","10","05",16.6,"",2.7,"",8.8,"",.4,"",.0,"9","",0,"9",.0,"9",7.0,"",.0,"9",.0,"9",.0,"9",.0,"9",.0,"9",.0,"9",.0,"9",.0,"9",.0,"9",.0,"9",.0,"9",.0,"9",.0,"9",.0,"9",9.0,"",.0,"9",0,"",0,"","R",0,"9",0,"9",0,"8"
"351220495","LUBLIN-RADAWIEC","2018","10","06",19.3,"",4.0,"",12.0,"",1.5,"",.0,"9","",0,"9",.0,"9",10.2,"",.0,"9",.0,"9",.0,"9",.0,"9",.0,"9",.0,"9",.0,"9",.0,"9",.0,"9",.0,"9",.0,"9",.0,"9",.0,"9",.0,"9",7.0,"",.0,"9",0,"",0,"","R",0,"9",0,"9",0,"8"
"351220495","LUBLIN-RADAWIEC","2018","10","07",20.0,"",10.9,"",14.7,"",7.9,"",.0,"","W",0,"9",.0,"9",3.2,"",.6,"",.0,"9",.0,"9",.0,"9",.0,"9",.0,"9",.0,"9",.0,"9",.0,"9",.0,"9",.0,"9",.0,"9",.0,"9",.0,"9",.0,"9",.0,"9",0,"",0,"","R",0,"9",0,"9",0,"8"
"351220495","LUBLIN-RADAWIEC","2018","10","08",16.1,"",7.3,"",8.7,"",6.4,"",.0,"9","",0,"9",.0,"9",3.6,"",.0,"9",.0,"9",.0,"9",.0,"9",.0,"9",2.4,"",.0,"9",.0,"9",.0,"9",.0,"9",.0,"9",.0,"9",.0,"9",.0,"9",11.0,"",.0,"9",0,"",0,"","R",0,"9",0,"9",0,"8"
"351220495","LUBLIN-RADAWIEC","2018","10","09",15.3,"",2.4,"",8.1,"",-.9,"",.0,"9","",0,"9",.0,"9",9.8,"",.0,"9",.0,"9",.0,"9",.0,"9",.2,"",10.9,"",.0,"9",.0,"9",.0,"9",.0,"9",.0,"9",.0,"9",.0,"9",.0,"9",6.8,"",4.0,"",0,"",0,"","R",0,"9",0,"9",0,"8"
"351220495","LUBLIN-RADAWIEC","2018","10","10",18.6,"",2.0,"",10.1,"",.1,"",.0,"9","",0,"9",.0,"9",9.9,"",.0,"9",.0,"9",.0,"9",.0,"9",9.8,"",7.3,"",.0,"9",.0,"9",.0,"9",.0,"9",.0,"9",.0,"9",.0,"9",.0,"9",1.2,"",.0,"9",0,"",0,"","R",0,"9",0,"9",0,"8"
"351220495","LUBLIN-RADAWIEC","2018","10","11",22.2,"",7.6,"",14.0,"",3.6,"",.0,"9","",0,"9",.0,"9",8.9,"",.0,"9",.0,"9",.0,"9",.0,"9",.0,"9",8.2,"",.0,"9",.0,"9",.0,"9",.0,"9",.0,"9",.0,"9",.0,"9",.0,"9",.0,"9",.0,"9",0,"",0,"","R",0,"9",0,"9",0,"8"
"351220495","LUBLIN-RADAWIEC","2018","10","12",21.9,"",7.7,"",14.1,"",5.7,"",.0,"9","",0,"9",.0,"9",10.0,"",.0,"9",.0,"9",.0,"9",.0,"9",.0,"9",.0,"9",.0,"9",.0,"9",.0,"9",.0,"9",.0,"9",.0,"9",.0,"9",.0,"9",.0,"9",.0,"9",0,"",0,"","R",0,"9",0,"9",0,"8"
"351220495","LUBLIN-RADAWIEC","2018","10","13",20.7,"",6.0,"",12.9,"",2.4,"",.0,"9","",0,"9",.0,"9",10.0,"",.0,"9",.0,"9",.0,"9",.0,"9",.0,"9",10.6,"",.0,"9",.0,"9",.0,"9",.0,"9",.0,"9",.0,"9",.0,"9",.0,"9",7.0,"",.0,"9",0,"",0,"","R",0,"9",0,"9",0,"8"
"351220495","LUBLIN-RADAWIEC","2018","10","14",20.1,"",6.5,"",12.3,"",4.3,"",.0,"9","",0,"9",.0,"9",9.9,"",.0,"9",.0,"9",.0,"9",.0,"9",.0,"9",2.5,"",.0,"9",.0,"9",.0,"9",.0,"9",.0,"9",.0,"9",.0,"9",.0,"9",10.5,"",.0,"9",0,"",0,"","R",0,"9",0,"9",0,"8"
"351220495","LUBLIN-RADAWIEC","2018","10","15",21.2,"",4.0,"",11.9,"",.9,"",.0,"9","",0,"9",.0,"9",9.8,"",.0,"9",.0,"9",.0,"9",.0,"9",.0,"9",.0,"9",.0,"9",.0,"9",.0,"9",.0,"9",.0,"9",.0,"9",.0,"9",.0,"9",7.0,"",.0,"9",0,"",0,"","R",0,"9",0,"9",0,"8"
"351220495","LUBLIN-RADAWIEC","2018","10","16",19.9,"",6.1,"",11.5,"",.5,"",.0,"9","",0,"9",.0,"9",9.2,"",.0,"9",.0,"9",.0,"9",.0,"9",.0,"9",.0,"9",.0,"9",.0,"9",.0,"9",.0,"9",.0,"9",.0,"9",.0,"9",.0,"9",5.0,"",.0,"9",0,"",0,"","R",0,"9",0,"9",0,"8"
"351220495","LUBLIN-RADAWIEC","2018","10","17",21.6,"",4.0,"",12.2,"",-1.0,"",.0,"9","",0,"9",.0,"9",9.4,"",.0,"9",.0,"9",.0,"9",.0,"9",.0,"9",4.5,"",.0,"9",.0,"9",.0,"9",.0,"9",.0,"9",.0,"9",.0,"9",.0,"9",13.0,"",.0,"9",0,"",0,"","R",0,"9",0,"9",0,"8"
"351220495","LUBLIN-RADAWIEC","2018","10","18",18.9,"",4.9,"",11.0,"",.3,"",.0,"9","",0,"9",.0,"9",9.2,"",.0,"9",.0,"9",.0,"9",.0,"9",.6,"",15.9,"",.0,"9",.0,"9",.0,"9",.0,"9",.0,"9",.0,"9",.0,"9",.0,"9",8.6,"",.0,"9",0,"",0,"","R",0,"9",0,"9",0,"8"
"351220495","LUBLIN-RADAWIEC","2018","10","19",17.8,"",7.2,"",10.7,"",3.1,"",.0,"9","",0,"9",.0,"9",4.8,"",.0,"9",.0,"9",.0,"9",.0,"9",.0,"9",21.3,"",.0,"9",.0,"9",.0,"9",.0,"9",.4,"",.0,"9",.0,"9",.0,"9",8.0,"",.0,"9",0,"",0,"","R",0,"9",0,"9",0,"8"
"351220495","LUBLIN-RADAWIEC","2018","10","20",13.1,"",7.8,"",10.1,"",5.9,"",4.2,"","W",0,"9",.0,"9",1.1,"",6.8,"",.0,"9",.0,"9",.0,"9",.0,"9",24.0,"",.0,"9",.0,"9",.0,"9",.0,"9",.0,"9",.0,"9",.0,"9",.0,"9",.0,"9",.0,"9",0,"",0,"","R",0,"9",0,"9",0,"8"
"351220495","LUBLIN-RADAWIEC","2018","10","21",12.1,"",2.6,"",6.6,"",.1,"",.0,"9","",0,"9",.0,"9",9.2,"",1.8,"",.0,"9",.0,"9",.0,"9",7.5,"",8.7,"",.0,"9",.0,"9",.0,"9",.0,"9",.0,"9",.0,"9",.0,"9",.0,"9",.0,"9",.0,"9",0,"",0,"","R",0,"9",0,"9",0,"8"
"351220495","LUBLIN-RADAWIEC","2018","10","22",10.9,"",-1.9,"",4.5,"",-4.0,"",1.5,"","W",0,"9",.0,"9",3.2,"",3.5,"",.0,"9",.0,"9",.0,"9",8.1,"",9.9,"",.0,"9",.0,"9",.0,"9",.0,"9",.0,"9",.0,"9",.0,"9",.0,"9",.0,"9",.0,"9",0,"",0,"","R",0,"9",0,"9",0,"8"
"351220495","LUBLIN-RADAWIEC","2018","10","23",7.4,"",5.0,"",6.0,"",4.7,"",9.1,"","W",0,"9",.0,"9",.0,"9",10.0,"",.0,"9",.0,"9",.0,"9",.0,"9",13.3,"",.0,"9",.0,"9",.0,"9",.0,"9",.0,"9",.0,"9",.0,"9",.0,"9",.0,"9",.0,"9",0,"",0,"","R",0,"9",0,"9",0,"8"
"351220495","LUBLIN-RADAWIEC","2018","10","24",7.9,"",2.8,"",5.2,"",2.9,"",.3,"","W",0,"9",.0,"9",.8,"",5.1,"",.0,"9",.0,"9",.0,"9",.0,"9",.0,"9",.0,"9",.0,"9",.0,"9",.0,"9",.0,"9",8.0,"",.0,"9",.0,"9",.0,"9",.0,"9",0,"",0,"","R",0,"9",0,"9",0,"8"
"351220495","LUBLIN-RADAWIEC","2018","10","25",9.3,"",1.6,"",5.2,"",1.0,"",4.5,"","W",0,"9",.0,"9",.0,"9",6.5,"",.0,"9",.0,"9",.0,"9",.0,"9",4.7,"",.0,"9",.0,"9",.0,"9",.0,"9",.0,"9",.0,"9",.0,"9",.0,"9",.0,"9",.0,"9",0,"",0,"","R",0,"9",0,"9",0,"8"
"351220495","LUBLIN-RADAWIEC","2018","10","26",9.5,"",6.4,"",7.4,"",5.5,"",.0,"9","",0,"9",.0,"9",.6,"",1.1,"",.0,"9",.0,"9",.0,"9",.0,"9",1.0,"",.0,"9",.0,"9",.0,"9",.0,"9",.0,"9",.0,"9",.0,"9",.0,"9",.0,"9",.0,"9",0,"",0,"","R",0,"9",0,"9",0,"8"
"351220495","LUBLIN-RADAWIEC","2018","10","27",12.7,"",6.1,"",9.1,"",3.2,"",3.8,"","W",0,"9",.0,"9",1.8,"",4.3,"",.0,"9",.0,"9",.0,"9",.0,"9",2.3,"",.0,"9",.0,"9",.0,"9",.0,"9",.0,"9",.0,"9",.0,"9",.0,"9",.0,"9",.0,"9",0,"",0,"","R",0,"9",0,"9",0,"8"
"351220495","LUBLIN-RADAWIEC","2018","10","28",8.6,"",4.5,"",5.1,"",4.5,"",8.6,"","W",0,"9",.0,"9",.0,"9",15.9,"",.0,"9",.0,"9",.0,"9",2.3,"",14.6,"",.0,"9",.0,"9",.0,"9",.0,"9",.0,"9",.0,"9",.0,"9",.0,"9",.0,"9",.0,"9",0,"",0,"","R",0,"9",0,"9",0,"8"
"351220495","LUBLIN-RADAWIEC","2018","10","29",16.5,"",4.8,"",10.5,"",4.7,"",.0,"","W",0,"9",.0,"9",1.1,"",.4,"",.0,"9",.0,"9",.0,"9",4.1,"",11.9,"",.0,"9",.0,"9",.0,"9",.0,"9",.0,"9",.0,"9",.0,"9",.0,"9",8.5,"",.0,"9",0,"",0,"","R",0,"9",0,"9",0,"8"
"351220495","LUBLIN-RADAWIEC","2018","10","30",21.3,"",12.0,"",15.8,"",10.0,"",.0,"9","",0,"9",.0,"9",4.0,"",.0,"9",.0,"9",.0,"9",.0,"9",.0,"9",.0,"9",.0,"9",.0,"9",.0,"9",.0,"9",.0,"9",.0,"9",.0,"9",.0,"9",8.0,"",.0,"9",0,"",0,"","R",0,"9",0,"9",0,"8"
"351220495","LUBLIN-RADAWIEC","2018","10","31",18.6,"",8.0,"",12.1,"",3.0,"",.0,"9","",0,"9",.0,"9",8.7,"",.0,"9",.0,"9",.0,"9",.0,"9",.0,"9",.0,"9",.0,"9",.0,"9",.0,"9",.0,"9",.0,"9",.0,"9",.0,"9",.0,"9",12.5,"",.0,"9",0,"",0,"","R",0,"9",0,"9",0,"8"
"351220495","LUBLIN-RADAWIEC","2018","11","01",16.7,"",5.4,"",11.9,"",.9,"",.0,"","W",0,"9",.0,"9",3.5,"",.0,"9",.0,"9",.0,"9",.0,"9",1.3,"",18.2,"",.0,"9",.0,"9",.0,"9",.0,"9",.0,"9",.0,"9",.0,"9",.0,"9",8.1,"",.0,"9",0,"",0,"","R",0,"9",0,"9",0,"8"
"351220495","LUBLIN-RADAWIEC","2018","11","02",18.4,"",11.8,"",13.9,"",9.2,"",.0,"9","",0,"9",.0,"9",1.3,"",.4,"",.0,"9",.0,"9",.0,"9",.0,"9",16.9,"",.0,"9",.0,"9",.0,"9",.0,"9",.0,"9",.0,"9",.0,"9",.0,"9",7.2,"",.0,"9",0,"",0,"","R",0,"9",0,"9",0,"8"
"351220495","LUBLIN-RADAWIEC","2018","11","03",15.2,"",8.9,"",11.1,"",6.1,"",.0,"","W",0,"9",.0,"9",.9,"",3.8,"",.0,"9",.0,"9",.0,"9",13.1,"",10.9,"",.0,"9",.0,"9",.0,"9",.0,"9",.0,"9",.0,"9",.0,"9",.0,"9",.1,"",.0,"9",0,"",0,"","R",0,"9",0,"9",0,"8"
"351220495","LUBLIN-RADAWIEC","2018","11","04",11.7,"",9.2,"",10.6,"",9.5,"",.2,"","W",0,"9",.0,"9",.0,"9",16.3,"",.0,"9",.0,"9",.0,"9",6.8,"",17.2,"",.0,"9",.0,"9",.0,"9",.0,"9",.0,"9",.0,"9",.0,"9",.0,"9",.0,"9",.0,"9",0,"",0,"","R",0,"9",0,"9",0,"8"
"351220495","LUBLIN-RADAWIEC","2018","11","05",15.7,"",9.2,"",11.2,"",9.5,"",.0,"9","",0,"9",.0,"9",3.9,"",.3,"",.0,"9",.0,"9",.0,"9",1.3,"",19.2,"",.0,"9",.0,"9",.0,"9",.0,"9",.0,"9",.0,"9",.0,"9",.0,"9",7.0,"",.0,"9",0,"",0,"","R",0,"9",0,"9",0,"8"
"351220495","LUBLIN-RADAWIEC","2018","11","06",17.5,"",6.8,"",10.4,"",3.6,"",.0,"9","",0,"9",.0,"9",8.3,"",.0,"9",.0,"9",.0,"9",.0,"9",.0,"9",16.3,"",.0,"9",.0,"9",.0,"9",.0,"9",.0,"9",.0,"9",.0,"9",.0,"9",18.0,"",.0,"9",0,"",0,"","R",0,"9",0,"9",0,"8"
"351220495","LUBLIN-RADAWIEC","2018","11","07",13.8,"",7.9,"",9.4,"",6.2,"",.0,"9","",0,"9",.0,"9",5.4,"",.0,"9",.0,"9",.0,"9",.0,"9",.0,"9",21.1,"",.0,"9",.0,"9",.0,"9",.0,"9",.0,"9",.0,"9",.0,"9",.0,"9",17.0,"",.0,"9",0,"",0,"","R",0,"9",0,"9",0,"8"
"351220495","LUBLIN-RADAWIEC","2018","11","08",15.0,"",3.4,"",7.5,"",-.7,"",.0,"9","",0,"9",.0,"9",8.2,"",.0,"9",.0,"9",.0,"9",.0,"9",6.5,"",11.8,"",.0,"9",.0,"9",.0,"9",.0,"9",.0,"9",.0,"9",.0,"9",.0,"9",9.6,"",.0,"9",0,"",0,"","R",0,"9",0,"9",0,"8"
"351220495","LUBLIN-RADAWIEC","2018","11","09",14.5,"",1.5,"",6.9,"",-.5,"",.0,"9","",0,"9",.0,"9",6.3,"",.0,"9",.0,"9",.0,"9",.0,"9",13.5,"",10.1,"",.0,"9",.0,"9",.0,"9",.0,"9",.0,"9",.0,"9",.0,"9",.0,"9",1.8,"",.0,"9",0,"",0,"","R",0,"9",0,"9",0,"8"
"351220495","LUBLIN-RADAWIEC","2018","11","10",12.4,"",2.7,"",6.3,"",.6,"",.0,"9","",0,"9",.0,"9",4.2,"",.0,"9",.0,"9",.0,"9",.0,"9",11.1,"",12.9,"",.0,"9",.0,"9",.0,"9",.0,"9",.0,"9",.0,"9",.0,"9",.0,"9",3.2,"",.0,"9",0,"",0,"","R",0,"9",0,"9",0,"8"
"351220495","LUBLIN-RADAWIEC","2018","11","11",12.7,"",.8,"",5.3,"",-1.5,"",.0,"9","",0,"9",.0,"9",7.2,"",.0,"9",.0,"9",.0,"9",.0,"9",7.5,"",12.0,"",.0,"9",.0,"9",.0,"9",.0,"9",.0,"9",.0,"9",.0,"9",.0,"9",6.0,"",.0,"9",0,"",0,"","R",0,"9",0,"9",0,"8"
"351220495","LUBLIN-RADAWIEC","2018","11","12",13.0,"",1.9,"",6.4,"",-1.6,"",.0,"9","",0,"9",.0,"9",7.0,"",.0,"9",.0,"9",.0,"9",.0,"9",.0,"9",19.3,"",.0,"9",.0,"9",.0,"9",.0,"9",.0,"9",.0,"9",.0,"9",.0,"9",15.0,"",.0,"9",0,"",0,"","R",0,"9",0,"9",0,"8"
"351220495","LUBLIN-RADAWIEC","2018","11","13",11.0,"",3.2,"",6.8,"",1.8,"",3.3,"","W",0,"9",.0,"9",4.0,"",2.1,"",.0,"9",.0,"9",.0,"9",1.9,"",19.9,"",.0,"9",.0,"9",.0,"9",.0,"9",.0,"9",.0,"9",.0,"9",.0,"9",5.4,"",.0,"9",0,"",0,"","R",0,"9",0,"9",0,"8"
"351220495","LUBLIN-RADAWIEC","2018","11","14",9.6,"",6.9,"",7.8,"",6.0,"",3.2,"","W",0,"9",.0,"9",.1,"",7.9,"",.0,"9",.0,"9",.0,"9",.0,"9",12.2,"",.0,"9",.0,"9",.0,"9",.0,"9",.0,"9",.0,"9",.0,"9",.0,"9",.0,"9",.0,"9",0,"",0,"","R",0,"9",0,"9",0,"8"
"351220495","LUBLIN-RADAWIEC","2018","11","15",8.0,"",5.0,"",6.1,"",4.7,"",.0,"","W",0,"9",.0,"9",.2,"",2.4,"",.0,"9",.0,"9",.0,"9",.0,"9",8.8,"",.0,"9",.0,"9",.0,"9",.0,"9",.0,"9",.0,"9",.0,"9",.0,"9",.0,"9",.0,"9",0,"",0,"","R",0,"9",0,"9",0,"8"
"351220495","LUBLIN-RADAWIEC","2018","11","16",5.1,"",-.1,"",1.5,"",-1.7,"",.0,"9","",0,"9",.0,"9",.2,"",.0,"9",.0,"9",.0,"9",.0,"9",.0,"9",10.8,"",.0,"9",.0,"9",.0,"9",.0,"9",.0,"9",.0,"9",.0,"9",.0,"9",.0,"9",4.0,"",0,"",0,"","R",0,"9",0,"9",0,"8"
"351220495","LUBLIN-RADAWIEC","2018","11","17",1.7,"",-5.4,"",-2.3,"",-9.2,"",.0,"9","",0,"9",.0,"9",7.6,"",.0,"9",.0,"9",.0,"9",.0,"9",.0,"9",1.4,"",.0,"9",.0,"9",.0,"9",.0,"9",.0,"9",.0,"9",.0,"9",.0,"9",.0,"9",17.0,"",0,"",0,"","Z",1,"",0,"9",0,"8"
"351220495","LUBLIN-RADAWIEC","2018","11","18",.1,"",-7.5,"",-3.1,"",-10.3,"",1.8,"","S",0,"9",.0,"9",1.6,"",.0,"9",9.8,"",.0,"9",.0,"9",3.5,"",10.5,"",.0,"9",.0,"9",.0,"9",.0,"9",.0,"9",.0,"9",.0,"9",.0,"9",.0,"9",9.0,"",0,"",0,"","Z",8,"",0,"9",0,"8"
"351220495","LUBLIN-RADAWIEC","2018","11","19",-.1,"",-2.2,"",-.9,"",-2.1,"",.0,"","S",2,"",.0,"9",.0,"9",.0,"9",9.6,"",.0,"9",.0,"9",2.0,"",6.2,"",.0,"9",.0,"9",.0,"9",.0,"9",.0,"9",.0,"9",.0,"9",.0,"9",.0,"9",.0,"9",1,"",0,"","",6,"",0,"9",0,"8"
"351220495","LUBLIN-RADAWIEC","2018","11","20",.3,"",-2.1,"",-1.3,"",-3.3,"",.0,"9","",2,"",.0,"9",4.0,"",.0,"9",.0,"9",.0,"9",.0,"9",.0,"9",.0,"9",.0,"9",.0,"9",.0,"9",.0,"9",.0,"9",.0,"9",.0,"9",.0,"9",.0,"9",.0,"9",1,"",0,"","Z",5,"",0,"9",0,"8"
"351220495","LUBLIN-RADAWIEC","2018","11","21",-.6,"",-2.9,"",-1.6,"",-3.2,"",.0,"","S",1,"",.0,"9",.0,"9",.0,"9",1.8,"",.0,"9",.0,"9",.0,"9",.0,"9",.0,"9",.0,"9",.0,"9",.0,"9",.0,"9",.0,"9",.0,"9",.0,"9",.0,"9",.0,"9",1,"",0,"","",5,"",0,"9",0,"8"
"351220495","LUBLIN-RADAWIEC","2018","11","22",-.4,"",-3.9,"",-2.4,"",-4.4,"",.0,"9","",1,"",.0,"9",5.6,"",.0,"9",.0,"9",.0,"9",.0,"9",4.1,"",4.5,"",.0,"9",.0,"9",.0,"9",.0,"9",.0,"9",.0,"9",.0,"9",.0,"9",.0,"9",.0,"9",1,"",0,"","Z",5,"",0,"9",0,"8"
"351220495","LUBLIN-RADAWIEC","2018","11","23",-3.5,"",-5.4,"",-4.4,"",-5.0,"",.0,"9","",1,"",.0,"9",.0,"9",.0,"9",.0,"9",.0,"9",.0,"9",13.6,"",10.4,"",16.9,"",.0,"9",.0,"9",.0,"9",.0,"9",.0,"9",.0,"9",.0,"9",.0,"9",.0,"9",1,"",0,"","Z",5,"",0,"9",0,"8"
"351220495","LUBLIN-RADAWIEC","2018","11","24",3.8,"",-4.1,"",1.3,"",-3.7,"",.1,"","W",1,"",.0,"9",.3,"",4.0,"",.0,"9",.0,"9",.0,"9",.4,"",19.6,"",7.8,"",.0,"9",.0,"9",.0,"9",.0,"9",.0,"9",.0,"9",.0,"9",.0,"9",.0,"9",1,"",0,"","Z",1,"",0,"9",0,"8"
"351220495","LUBLIN-RADAWIEC","2018","11","25",5.2,"",3.4,"",4.1,"",3.1,"",.0,"","W",0,"9",.0,"9",.0,"9",1.8,"",.0,"9",.0,"9",.0,"9",2.2,"",21.8,"",.0,"9",.0,"9",.0,"9",.0,"9",.0,"9",.0,"9",.0,"9",.0,"9",.0,"9",.0,"9",0,"",0,"","R",0,"9",0,"9",0,"8"
"351220495","LUBLIN-RADAWIEC","2018","11","26",3.7,"",-1.6,"",.1,"",-1.5,"",.0,"9","",0,"9",.0,"9",.0,"9",.0,"9",.0,"9",.0,"9",.0,"9",7.6,"",11.4,"",.0,"9",.0,"9",.0,"9",.0,"9",.0,"9",.0,"9",.0,"9",.0,"9",.0,"9",.0,"9",0,"",0,"","R",0,"9",0,"9",0,"8"
"351220495","LUBLIN-RADAWIEC","2018","11","27",-.4,"",-4.7,"",-2.8,"",-5.8,"",.0,"9","",0,"9",.0,"9",4.8,"",.0,"9",.0,"9",.0,"9",.0,"9",.0,"9",6.5,"",.0,"9",.0,"9",.0,"9",.0,"9",.0,"9",.0,"9",.0,"9",.0,"9",.0,"9",3.0,"",0,"",0,"","Z",1,"",0,"9",0,"8"
"351220495","LUBLIN-RADAWIEC","2018","11","28",-1.1,"",-6.5,"",-3.7,"",-10.8,"",.0,"9","",0,"9",.0,"9",4.8,"",.0,"9",.0,"9",.0,"9",.0,"9",.0,"9",12.4,"",.0,"9",.0,"9",.0,"9",.0,"9",.0,"9",.0,"9",.0,"9",.0,"9",.0,"9",9.0,"",0,"",0,"","Z",9,"",0,"9",0,"8"
"351220495","LUBLIN-RADAWIEC","2018","11","29",-2.4,"",-6.5,"",-5.1,"",-7.1,"",.0,"9","",0,"9",.0,"9",3.8,"",.0,"9",.0,"9",.0,"9",.0,"9",.0,"9",.0,"9",.0,"9",.0,"9",.0,"9",.0,"9",.0,"9",.0,"9",.0,"9",.0,"9",.0,"9",7.0,"",0,"",0,"","Z",11,"",0,"9",0,"8"
"351220495","LUBLIN-RADAWIEC","2018","11","30",-3.3,"",-9.5,"",-7.3,"",-10.0,"",.0,"9","",0,"9",.0,"9",6.4,"",.0,"9",.0,"9",.0,"9",.0,"9",.0,"9",.0,"9",.0,"9",.0,"9",.0,"9",.0,"9",.0,"9",.0,"9",.0,"9",.0,"9",.0,"9",15.0,"",0,"",0,"","Z",18,"",0,"9",0,"8"
"351220495","LUBLIN-RADAWIEC","2018","12","01",-4.7,"",-12.9,"",-9.4,"",-15.2,"",.1,"","S",0,"9",.0,"9",6.2,"",.0,"9",.0,"",.0,"9",.0,"9",.0,"9",8.5,"",.0,"9",.0,"9",.0,"9",.0,"9",.0,"9",.0,"9",.0,"9",.0,"9",.0,"9",16.0,"",0,"",0,"","Z",22,"",0,"9",0,"8"
"351220495","LUBLIN-RADAWIEC","2018","12","02",1.8,"",-9.4,"",-1.7,"",-13.3,"",2.3,"","S",0,"",.0,"9",4.4,"",2.8,"",1.8,"",.8,"",.0,"9",1.1,"",8.5,"",.0,"9",4.4,"",.0,"9",.0,"9",.0,"9",.0,"9",.0,"9",.0,"9",.0,"9",.0,"9",0,"",0,"","Z",24,"",0,"9",0,"8"
"351220495","LUBLIN-RADAWIEC","2018","12","03",4.4,"",-2.3,"",2.3,"",-3.6,"",3.1,"","W",0,"9",.0,"9",.0,"9",10.4,"",.0,"9",.0,"9",.0,"9",.0,"9",11.7,"",.0,"9",8.5,"",.0,"9",.0,"9",.0,"9",.0,"9",.0,"9",.0,"9",.0,"9",.0,"9",0,"",0,"","Z",22,"",0,"9",0,"8"
"351220495","LUBLIN-RADAWIEC","2018","12","04",6.1,"",3.1,"",4.2,"",2.4,"",5.7,"","W",0,"9",.0,"9",.0,"9",12.2,"",.0,"9",.0,"9",.0,"9",.0,"9",13.1,"",.0,"9",.0,"9",.0,"9",.0,"9",.0,"9",.0,"9",.0,"9",.0,"9",.0,"9",.0,"9",0,"",0,"","R",21,"",4,"",0,"8"
"351220495","LUBLIN-RADAWIEC","2018","12","05",5.0,"",-.8,"",.2,"",-2.7,"",.0,"9","",0,"9",.0,"9",.7,"",.0,"9",.0,"9",.0,"9",.0,"9",1.2,"",6.4,"",.0,"9",.0,"9",.0,"9",.0,"9",.0,"9",.0,"9",.0,"9",.0,"9",.0,"9",10.9,"",0,"",0,"","Z",20,"",0,"9",0,"8"
"351220495","LUBLIN-RADAWIEC","2018","12","06",-.3,"",-2.8,"",-1.8,"",-2.8,"",1.4,"","S",0,"9",.0,"9",.0,"9",.0,"9",.0,"9",.0,"9",.0,"9",11.2,"",12.8,"",.0,"9",.0,"9",.0,"9",.0,"9",.0,"9",.0,"9",.0,"9",.0,"9",.0,"9",.0,"9",0,"",0,"","Z",20,"",0,"9",0,"8"
"351220495","LUBLIN-RADAWIEC","2018","12","07",2.0,"",-1.7,"",.7,"",-1.9,"",11.5,"","S",0,"",.0,"9",.0,"9",16.8,"",2.9,"",1.0,"",1.1,"",.0,"9",24.0,"",.0,"9",.0,"9",.0,"9",.0,"9",.0,"9",.0,"9",.0,"9",.0,"9",.0,"9",.0,"9",0,"",0,"","R",17,"",4,"",0,"8"
"351220495","LUBLIN-RADAWIEC","2018","12","08",5.8,"",1.0,"",2.4,"",-.2,"",3.9,"","W",0,"9",.0,"9",.0,"9",10.3,"",.0,"9",.0,"9",.0,"9",.0,"9",11.3,"",.0,"9",.0,"9",.0,"9",.0,"9",.0,"9",.0,"9",.0,"9",.0,"9",.0,"9",4.0,"",0,"",0,"","R",15,"",4,"",0,"8"
"351220495","LUBLIN-RADAWIEC","2018","12","09",3.3,"",.3,"",2.1,"",-3.2,"",5.3,"","W",0,"9",.0,"9",.7,"",13.3,"",.0,"9",.0,"9",.0,"9",.0,"9",10.7,"",.0,"9",.0,"9",.0,"9",.0,"9",.0,"9",.0,"9",.0,"9",.0,"9",.0,"9",7.0,"",0,"",0,"","Z",14,"",0,"9",0,"8"
"351220495","LUBLIN-RADAWIEC","2018","12","10",4.0,"",1.2,"",2.7,"",.0,"",2.1,"","W",0,"9",.0,"9",.0,"9",11.7,"",.0,"9",.0,"9",.0,"9",.0,"9",4.5,"",.0,"9",.0,"9",.0,"9",.0,"9",.0,"9",.0,"9",.0,"9",.0,"9",.0,"9",.0,"9",0,"",0,"","R",13,"",8,"",0,"8"
"351220495","LUBLIN-RADAWIEC","2018","12","11",1.6,"",-.3,"",.8,"",-3.1,"",.0,"","S",0,"9",.0,"9",.0,"9",.0,"9",2.6,"",.0,"9",.0,"9",.0,"9",13.4,"",.0,"9",.0,"9",.0,"9",.0,"9",.0,"9",.0,"9",.0,"9",.0,"9",.0,"9",4.0,"",0,"",0,"","",14,"",0,"9",0,"8"
"351220495","LUBLIN-RADAWIEC","2018","12","12",.1,"",-5.1,"",-1.7,"",-7.1,"",.8,"","S",0,"9",.0,"9",.0,"9",.0,"9",6.3,"",.0,"9",.0,"9",6.1,"",17.9,"",10.6,"",.0,"9",.0,"9",.0,"9",.0,"9",.0,"9",.0,"9",.0,"9",.0,"9",4.3,"",0,"",0,"","Z",12,"",0,"9",0,"8"
"351220495","LUBLIN-RADAWIEC","2018","12","13",-.2,"",-1.4,"",-.8,"",-1.5,"",.2,"","S",2,"",.0,"9",.0,"9",.0,"9",2.2,"",.0,"9",.0,"9",.0,"9",6.4,"",.0,"9",.0,"9",.0,"9",.0,"9",.0,"9",.0,"9",.0,"9",.0,"9",.0,"9",.0,"9",1,"",0,"","Z",8,"",0,"9",0,"8"
"351220495","LUBLIN-RADAWIEC","2018","12","14",-.5,"",-1.8,"",-1.1,"",-1.8,"",.0,"","S",2,"",.0,"9",.0,"9",.0,"9",12.8,"",.0,"9",.0,"9",.0,"9",19.8,"",.0,"9",.0,"9",.0,"9",.0,"9",.0,"9",.0,"9",.0,"9",.0,"9",.0,"9",.0,"9",1,"",0,"","",9,"",0,"9",0,"8"
"351220495","LUBLIN-RADAWIEC","2018","12","15",-.5,"",-2.7,"",-1.8,"",-4.0,"",2.5,"","S",2,"",.0,"9",.7,"",.0,"9",4.5,"",.0,"9",.0,"9",.0,"9",11.1,"",.0,"9",.0,"9",.0,"9",.0,"9",.0,"9",.0,"9",.0,"9",.0,"9",.0,"9",.0,"9",1,"",0,"","Z",8,"",0,"9",0,"8"
"351220495","LUBLIN-RADAWIEC","2018","12","16",-1.8,"",-2.9,"",-2.2,"",-2.8,"",2.0,"","S",4,"",.0,"9",.0,"9",.0,"9",12.0,"",.0,"9",.0,"9",.0,"9",12.1,"",.0,"9",.0,"9",2.9,"",.0,"9",.0,"9",.0,"9",.0,"9",.0,"9",.0,"9",.0,"9",1,"",0,"","Z",9,"",0,"9",0,"8"
"351220495","LUBLIN-RADAWIEC","2018","12","17",-.6,"",-3.9,"",-2.3,"",-7.7,"",.0,"9","",7,"",1.1,"",.0,"9",.0,"9",1.4,"",.0,"9",.0,"9",1.7,"",20.0,"",1.5,"",.0,"9",.0,"9",.0,"9",.0,"9",.0,"9",.0,"9",.0,"9",.0,"9",3.5,"",1,"",0,"","Z",9,"",0,"9",0,"8"
"351220495","LUBLIN-RADAWIEC","2018","12","18",-2.0,"",-8.8,"",-3.8,"",-12.7,"",.0,"9","",6,"",1.3,"",.0,"9",.0,"9",.0,"9",.0,"9",.0,"9",.2,"",23.8,"",13.5,"",.0,"9",.0,"9",.0,"9",.0,"9",.0,"9",.0,"9",.0,"9",.0,"9",.0,"9",1,"",0,"","Z",9,"",0,"9",0,"8"
"351220495","LUBLIN-RADAWIEC","2018","12","19",-2.3,"",-5.1,"",-4.2,"",-5.1,"",.0,"9","",6,"",1.2,"",.0,"9",.0,"9",.0,"9",.0,"9",.0,"9",.0,"9",24.0,"",.0,"9",.0,"9",.0,"9",.0,"9",.0,"9",.0,"9",.0,"9",.0,"9",.0,"9",.0,"9",1,"",0,"","Z",8,"",0,"9",0,"8"
"351220495","LUBLIN-RADAWIEC","2018","12","20",-4.0,"",-5.5,"",-4.4,"",-5.6,"",1.2,"","S",6,"",1.2,"",.0,"9",.0,"9",6.2,"",.0,"9",.0,"9",.0,"9",24.0,"",.0,"9",.0,"9",.0,"9",.0,"9",.0,"9",.0,"9",.0,"9",.0,"9",.0,"9",.0,"9",1,"",0,"","Z",8,"",0,"9",0,"8"
"351220495","LUBLIN-RADAWIEC","2018","12","21",1.2,"",-4.0,"",.3,"",-3.8,"",4.2,"","S",7,"",1.2,"",.0,"9",4.0,"",6.9,"",.9,"",.0,"9",.0,"9",22.8,"",.0,"9",.0,"9",.0,"9",.0,"9",.0,"9",.0,"9",.0,"9",.0,"9",.0,"9",.0,"9",1,"",0,"","Z",8,"",0,"9",0,"8"
"351220495","LUBLIN-RADAWIEC","2018","12","22",6.7,"",.5,"",3.5,"",-.1,"",.5,"","W",4,"",.0,"9",.2,"",7.2,"",.0,"9",2.1,"",.0,"9",.0,"9",8.5,"",.0,"9",.0,"9",.0,"9",.0,"9",.0,"9",1.0,"",.0,"9",.0,"9",.0,"9",.0,"9",1,"",0,"","Z",7,"",0,"9",0,"8"
"351220495","LUBLIN-RADAWIEC","2018","12","23",5.1,"",.3,"",1.5,"",.0,"",3.1,"","S",0,"9",.0,"9",1.5,"",6.1,"",.8,"",.5,"",.0,"9",.0,"9",4.8,"",.0,"9",.0,"9",.0,"9",.0,"9",.0,"9",.0,"9",.0,"9",.0,"9",.0,"9",.0,"9",0,"",0,"","R",0,"9",0,"9",0,"8"
"351220495","LUBLIN-RADAWIEC","2018","12","24",3.8,"",-2.0,"",.4,"",-2.6,"",.3,"","S",0,"9",.0,"9",.0,"9",3.7,"",10.1,"",.0,"9",.0,"9",.0,"9",8.0,"",.0,"9",.0,"9",.8,"",.0,"9",.0,"9",.0,"9",.0,"9",.0,"9",.0,"9",.0,"9",0,"",0,"","R",0,"9",0,"9",0,"8"
"351220495","LUBLIN-RADAWIEC","2018","12","25",.0,"",-2.4,"",-1.1,"",-2.6,"",.9,"","S",2,"",.0,"9",.0,"9",4.4,"",12.1,"",.3,"",.0,"9",.0,"9",10.7,"",.0,"9",.0,"9",7.9,"",.0,"9",.0,"9",.0,"9",.0,"9",.0,"9",.0,"9",.0,"9",1,"",0,"","Z",7,"",0,"9",0,"8"
"351220495","LUBLIN-RADAWIEC","2018","12","26",3.2,"",-.1,"",2.4,"",-.1,"",1.0,"","W",0,"9",.0,"9",.0,"9",11.3,"",.0,"9",.0,"9",.0,"9",.0,"9",2.2,"",.0,"9",.0,"9",.0,"9",.0,"9",.0,"9",.0,"9",.0,"9",.0,"9",.0,"9",.0,"9",0,"",0,"","R",8,"",4,"",0,"8"
"351220495","LUBLIN-RADAWIEC","2018","12","27",5.4,"",1.7,"",3.4,"",1.6,"",7.4,"","W",0,"9",.0,"9",.0,"9",15.8,"",.0,"9",.0,"9",.0,"9",.0,"9",14.8,"",.0,"9",.0,"9",.0,"9",.0,"9",.0,"9",.0,"9",.0,"9",.0,"9",.0,"9",.0,"9",0,"",0,"","R",0,"9",0,"9",0,"8"
"351220495","LUBLIN-RADAWIEC","2018","12","28",5.3,"",3.5,"",4.3,"",2.8,"",2.3,"","W",0,"9",.0,"9",.0,"9",9.1,"",.0,"9",.0,"9",.0,"9",.0,"9",8.3,"",.0,"9",.0,"9",.0,"9",.0,"9",.0,"9",.0,"9",.0,"9",.0,"9",.0,"9",.0,"9",0,"",0,"","R",0,"9",0,"9",0,"8"
"351220495","LUBLIN-RADAWIEC","2018","12","29",3.6,"",2.1,"",2.7,"",1.6,"",.4,"","W",0,"9",.0,"9",.0,"9",7.5,"",.0,"9",.0,"9",.0,"9",.0,"9",10.3,"",.0,"9",.0,"9",.0,"9",.0,"9",.0,"9",.0,"9",.0,"9",.0,"9",.0,"9",.0,"9",0,"",0,"","R",0,"9",0,"9",0,"8"
"351220495","LUBLIN-RADAWIEC","2018","12","30",4.5,"",2.0,"",3.2,"",1.2,"",3.4,"","W",0,"9",.0,"9",.0,"9",14.6,"",.0,"9",.0,"9",.0,"9",.0,"9",24.0,"",.0,"9",.0,"9",.0,"9",.0,"9",.0,"9",.0,"9",.0,"9",.0,"9",.0,"9",.0,"9",0,"",0,"","R",0,"9",0,"9",0,"8"
"351220495","LUBLIN-RADAWIEC","2018","12","31",3.6,"",.1,"",1.3,"",.0,"",2.9,"","S",0,"9",.0,"9",.0,"9",9.0,"",3.0,"",1.0,"",.0,"9",.0,"9",11.7,"",.0,"9",.0,"9",.0,"9",.0,"9",.0,"9",.0,"9",.0,"9",.0,"9",.0,"9",.0,"9",0,"",0,"","R",0,"9",0,"9",0,"8"
